longitude,latitude,crop_flow_lb_s,datetime,duration ,distance_in,swth_wdth_in,moisture,status,pass_num,serial_number,field,dataset,product,elevation_ft
-85.368533,42.410139,0.99,2013-07-24 16:56:54+00,1,102,180,11.52,0,10,5648,F1: T1R4-East,L1: ,Wheat (Sft Rd Wtr),946.08
-85.368558,42.410153,1.19,2013-07-24 16:56:53+00,1,84,180,11.52,0,10,5648,F1: T1R4-East,L1: ,Wheat (Sft Rd Wtr),945.75
-85.368572,42.41017,1.29,2013-07-24 16:56:52+00,1,68,180,11.52,0,10,5648,F1: T1R4-East,L1: ,Wheat (Sft Rd Wtr),946.08
-85.368575,42.410187,1.99,2013-07-24 16:56:51+00,1,51,180,11.52,0,10,5648,F1: T1R4-East,L1: ,Wheat (Sft Rd Wtr),946.08
-85.368575,42.410198,1.99,2013-07-24 16:56:50+00,1,38,180,11.52,0,10,5648,F1: T1R4-East,L1: ,Wheat (Sft Rd Wtr),945.75
-85.368575,42.410209,2.29,2013-07-24 16:56:49+00,1,38,180,11.52,0,10,5648,F1: T1R4-East,L1: ,Wheat (Sft Rd Wtr),945.75
-85.368575,42.410217,2.69,2013-07-24 16:56:48+00,1,38,180,11.52,0,10,5648,F1: T1R4-East,L1: ,Wheat (Sft Rd Wtr),945.75
-85.368575,42.410226,2.39,2013-07-24 16:56:47+00,1,38,180,11.52,0,10,5648,F1: T1R4-East,L1: ,Wheat (Sft Rd Wtr),946.17
-85.368575,42.410234,2.79,2013-07-24 16:56:46+00,1,38,180,11.52,0,10,5648,F1: T1R4-East,L1: ,Wheat (Sft Rd Wtr),946.17
-85.368575,42.410242,3.59,2013-07-24 16:56:45+00,1,38,180,11.52,0,10,5648,F1: T1R4-East,L1: ,Wheat (Sft Rd Wtr),946.17
-85.368575,42.410251,2.39,2013-07-24 16:56:44+00,1,38,180,11.52,0,10,5648,F1: T1R4-East,L1: ,Wheat (Sft Rd Wtr),946.17
-85.368575,42.410262,3.99,2013-07-24 16:56:43+00,1,38,180,11.52,1,10,5648,F1: T1R4-East,L1: ,Wheat (Sft Rd Wtr),946.17
-85.368577,42.41027,5.99,2013-07-24 16:56:42+00,1,37,180,11.52,1,10,5648,F1: T1R4-East,L1: ,Wheat (Sft Rd Wtr),946.17
-85.368577,42.410278,5.89,2013-07-24 16:56:41+00,1,36,180,11.52,1,10,5648,F1: T1R4-East,L1: ,Wheat (Sft Rd Wtr),946.17
-85.368577,42.410287,7.49,2013-07-24 16:56:40+00,1,45,180,11.52,1,10,5648,F1: T1R4-East,L1: ,Wheat (Sft Rd Wtr),946.17
-85.368577,42.410298,7.49,2013-07-24 16:56:39+00,1,52,180,11.52,1,10,5648,F1: T1R4-East,L1: ,Wheat (Sft Rd Wtr),946.58
-85.368577,42.410309,6.09,2013-07-24 16:56:38+00,1,66,180,11.52,1,10,5648,F1: T1R4-East,L1: ,Wheat (Sft Rd Wtr),946.58
-85.368577,42.410323,6.49,2013-07-24 16:56:37+00,1,72,180,11.52,1,10,5648,F1: T1R4-East,L1: ,Wheat (Sft Rd Wtr),946.58
-85.368577,42.410342,5.29,2013-07-24 16:56:36+00,1,72,180,11.52,1,10,5648,F1: T1R4-East,L1: ,Wheat (Sft Rd Wtr),946.58
-85.368577,42.410359,6.59,2013-07-24 16:56:35+00,1,71,180,11.52,1,10,5648,F1: T1R4-East,L1: ,Wheat (Sft Rd Wtr),947
-85.368577,42.410376,6.79,2013-07-24 16:56:34+00,1,72,180,11.52,1,10,5648,F1: T1R4-East,L1: ,Wheat (Sft Rd Wtr),947
-85.368577,42.410392,6.09,2013-07-24 16:56:33+00,1,72,180,11.52,1,10,5648,F1: T1R4-East,L1: ,Wheat (Sft Rd Wtr),947
-85.368577,42.410409,6.19,2013-07-24 16:56:32+00,1,72,180,11.52,1,10,5648,F1: T1R4-East,L1: ,Wheat (Sft Rd Wtr),947
-85.368577,42.410426,8.19,2013-07-24 16:56:31+00,1,72,180,11.52,1,10,5648,F1: T1R4-East,L1: ,Wheat (Sft Rd Wtr),947.42
-85.368577,42.410442,6.39,2013-07-24 16:56:30+00,1,72,180,11.52,1,10,5648,F1: T1R4-East,L1: ,Wheat (Sft Rd Wtr),947.42
-85.368577,42.410459,6.69,2013-07-24 16:56:29+00,1,72,180,11.52,1,10,5648,F1: T1R4-East,L1: ,Wheat (Sft Rd Wtr),947.42
-85.368575,42.410478,6.69,2013-07-24 16:56:28+00,1,72,180,11.52,1,10,5648,F1: T1R4-East,L1: ,Wheat (Sft Rd Wtr),947.42
-85.368575,42.410495,6.89,2013-07-24 16:56:27+00,1,72,180,11.52,1,10,5648,F1: T1R4-East,L1: ,Wheat (Sft Rd Wtr),947.83
-85.368575,42.410512,6.89,2013-07-24 16:56:26+00,1,72,180,11.52,1,10,5648,F1: T1R4-East,L1: ,Wheat (Sft Rd Wtr),947.83
-85.368575,42.410528,6.09,2013-07-24 16:56:25+00,1,72,180,11.52,1,10,5648,F1: T1R4-East,L1: ,Wheat (Sft Rd Wtr),947.83
-85.368575,42.410545,7.69,2013-07-24 16:56:24+00,1,72,180,11.52,1,10,5648,F1: T1R4-East,L1: ,Wheat (Sft Rd Wtr),947.83
-85.368575,42.410562,6.99,2013-07-24 16:56:23+00,1,72,180,11.52,1,10,5648,F1: T1R4-East,L1: ,Wheat (Sft Rd Wtr),947.83
-85.368575,42.410578,6.09,2013-07-24 16:56:22+00,1,72,180,11.52,1,10,5648,F1: T1R4-East,L1: ,Wheat (Sft Rd Wtr),948.25
-85.368575,42.410598,6.49,2013-07-24 16:56:21+00,1,72,180,11.52,1,10,5648,F1: T1R4-East,L1: ,Wheat (Sft Rd Wtr),948.25
-85.368575,42.410614,6.19,2013-07-24 16:56:20+00,1,72,180,11.52,1,10,5648,F1: T1R4-East,L1: ,Wheat (Sft Rd Wtr),948.25
-85.368575,42.410631,5.09,2013-07-24 16:56:19+00,1,72,180,11.52,1,10,5648,F1: T1R4-East,L1: ,Wheat (Sft Rd Wtr),948.25
-85.368575,42.410648,5.59,2013-07-24 16:56:18+00,1,72,180,11.52,1,10,5648,F1: T1R4-East,L1: ,Wheat (Sft Rd Wtr),948.25
-85.368575,42.410664,5.39,2013-07-24 16:56:17+00,1,72,180,11.52,1,10,5648,F1: T1R4-East,L1: ,Wheat (Sft Rd Wtr),948.25
-85.368575,42.410681,6.19,2013-07-24 16:56:16+00,1,72,180,11.52,1,10,5648,F1: T1R4-East,L1: ,Wheat (Sft Rd Wtr),948.58
-85.368575,42.410698,6.19,2013-07-24 16:56:15+00,1,72,180,11.52,1,10,5648,F1: T1R4-East,L1: ,Wheat (Sft Rd Wtr),948.58
-85.368577,42.410714,5.79,2013-07-24 16:56:14+00,1,72,180,11.52,1,10,5648,F1: T1R4-East,L1: ,Wheat (Sft Rd Wtr),948.58
-85.368577,42.410734,7.29,2013-07-24 16:56:13+00,1,72,180,11.52,1,10,5648,F1: T1R4-East,L1: ,Wheat (Sft Rd Wtr),948.58
-85.368577,42.410751,6.89,2013-07-24 16:56:12+00,1,71,180,11.52,1,10,5648,F1: T1R4-East,L1: ,Wheat (Sft Rd Wtr),948.58
-85.368577,42.410767,5.79,2013-07-24 16:56:11+00,1,72,180,11.52,1,10,5648,F1: T1R4-East,L1: ,Wheat (Sft Rd Wtr),948.58
-85.368577,42.410784,5.89,2013-07-24 16:56:10+00,1,72,180,11.52,1,10,5648,F1: T1R4-East,L1: ,Wheat (Sft Rd Wtr),948.58
-85.36858,42.410801,5.49,2013-07-24 16:56:09+00,1,72,180,11.52,1,10,5648,F1: T1R4-East,L1: ,Wheat (Sft Rd Wtr),948.58
-85.36858,42.410817,5.29,2013-07-24 16:56:08+00,1,72,180,11.52,1,10,5648,F1: T1R4-East,L1: ,Wheat (Sft Rd Wtr),948.58
-85.36858,42.410834,5.69,2013-07-24 16:56:07+00,1,68,180,11.52,1,10,5648,F1: T1R4-East,L1: ,Wheat (Sft Rd Wtr),948.58
-85.36858,42.410851,4.99,2013-07-24 16:56:06+00,1,63,180,11.52,1,10,5648,F1: T1R4-East,L1: ,Wheat (Sft Rd Wtr),948.58
-85.36858,42.410864,5.49,2013-07-24 16:56:05+00,1,62,180,11.52,1,10,5648,F1: T1R4-East,L1: ,Wheat (Sft Rd Wtr),948.58
-85.36858,42.410878,5.29,2013-07-24 16:56:04+00,1,62,180,11.52,1,10,5648,F1: T1R4-East,L1: ,Wheat (Sft Rd Wtr),948.58
-85.36858,42.410895,5.09,2013-07-24 16:56:03+00,1,62,180,11.52,1,10,5648,F1: T1R4-East,L1: ,Wheat (Sft Rd Wtr),948.58
-85.36858,42.410909,5.99,2013-07-24 16:56:02+00,1,62,180,11.52,1,10,5648,F1: T1R4-East,L1: ,Wheat (Sft Rd Wtr),948.58
-85.36858,42.410923,5.99,2013-07-24 16:56:01+00,1,62,180,11.52,1,10,5648,F1: T1R4-East,L1: ,Wheat (Sft Rd Wtr),948.58
-85.36858,42.410937,5.39,2013-07-24 16:56:00+00,1,62,180,11.52,1,10,5648,F1: T1R4-East,L1: ,Wheat (Sft Rd Wtr),948.58
-85.36858,42.410953,5.79,2013-07-24 16:55:59+00,1,62,180,11.52,1,10,5648,F1: T1R4-East,L1: ,Wheat (Sft Rd Wtr),948.58
-85.36858,42.410967,6.49,2013-07-24 16:55:58+00,1,62,180,11.52,1,10,5648,F1: T1R4-East,L1: ,Wheat (Sft Rd Wtr),948.58
-85.36858,42.410981,6.49,2013-07-24 16:55:57+00,1,62,180,11.52,1,10,5648,F1: T1R4-East,L1: ,Wheat (Sft Rd Wtr),948.58
-85.36858,42.410995,6.99,2013-07-24 16:55:56+00,1,62,180,11.52,1,10,5648,F1: T1R4-East,L1: ,Wheat (Sft Rd Wtr),948.58
-85.368583,42.411009,7.19,2013-07-24 16:55:55+00,1,62,180,11.52,1,10,5648,F1: T1R4-East,L1: ,Wheat (Sft Rd Wtr),948.58
-85.368583,42.411026,7.69,2013-07-24 16:55:54+00,1,62,180,11.52,1,10,5648,F1: T1R4-East,L1: ,Wheat (Sft Rd Wtr),948.58
-85.368583,42.411039,6.39,2013-07-24 16:55:53+00,1,62,180,11.52,1,10,5648,F1: T1R4-East,L1: ,Wheat (Sft Rd Wtr),948.58
-85.368583,42.411053,5.39,2013-07-24 16:55:52+00,1,62,180,11.52,1,10,5648,F1: T1R4-East,L1: ,Wheat (Sft Rd Wtr),948.58
-85.368583,42.411067,4.39,2013-07-24 16:55:51+00,1,63,180,11.52,1,10,5648,F1: T1R4-East,L1: ,Wheat (Sft Rd Wtr),948.58
-85.368583,42.411084,3.09,2013-07-24 16:55:50+00,1,58,180,11.52,1,10,5648,F1: T1R4-East,L1: ,Wheat (Sft Rd Wtr),948.58
-85.368583,42.411098,3.09,2013-07-24 16:55:49+00,1,44,180,11.52,1,10,5648,F1: T1R4-East,L1: ,Wheat (Sft Rd Wtr),948.58
-85.368583,42.411106,2.49,2013-07-24 16:55:48+00,1,35,180,11.52,1,10,5648,F1: T1R4-East,L1: ,Wheat (Sft Rd Wtr),948.58
-85.368583,42.411114,2.49,2013-07-24 16:55:47+00,1,16,180,11.52,1,10,5648,F1: T1R4-East,L1: ,Wheat (Sft Rd Wtr),948.58
-85.368583,42.41112,2.89,2013-07-24 16:55:46+00,1,8,180,11.52,1,10,5648,F1: T1R4-East,L1: ,Wheat (Sft Rd Wtr),948.58
-85.368583,42.41112,2.89,2013-07-24 16:55:45+00,1,8,180,11.52,1,10,5648,F1: T1R4-East,L1: ,Wheat (Sft Rd Wtr),948.58
-85.368583,42.41112,2.89,2013-07-24 16:55:44+00,1,16,180,11.52,1,10,5648,F1: T1R4-East,L1: ,Wheat (Sft Rd Wtr),948.58
-85.368577,42.41115,1.79,2013-07-24 16:55:43+00,1,63,180,11.52,0,9,5648,F1: T1R4-East,L1: ,Wheat (Sft Rd Wtr),948.5
-85.368572,42.411164,1.29,2013-07-24 16:55:42+00,1,63,180,11.52,0,9,5648,F1: T1R4-East,L1: ,Wheat (Sft Rd Wtr),948.5
-85.368563,42.411178,1.79,2013-07-24 16:55:41+00,1,34,180,11.52,0,9,5648,F1: T1R4-East,L1: ,Wheat (Sft Rd Wtr),948.25
-85.368561,42.411184,1.29,2013-07-24 16:55:40+00,1,16,180,11.52,0,9,5648,F1: T1R4-East,L1: ,Wheat (Sft Rd Wtr),948.25
-85.368563,42.411181,0.99,2013-07-24 16:55:39+00,1,48,180,11.52,0,9,5648,F1: T1R4-East,L1: ,Wheat (Sft Rd Wtr),948.5
-85.368569,42.411172,1.99,2013-07-24 16:55:38+00,1,64,180,11.52,0,9,5648,F1: T1R4-East,L1: ,Wheat (Sft Rd Wtr),948.5
-85.368586,42.411164,2.49,2013-07-24 16:55:37+00,1,64,180,11.52,0,9,5648,F1: T1R4-East,L1: ,Wheat (Sft Rd Wtr),948.25
-85.368608,42.411161,2.99,2013-07-24 16:55:36+00,1,42,180,11.52,0,9,5648,F1: T1R4-East,L1: ,Wheat (Sft Rd Wtr),948.58
-85.368619,42.411159,2.68,2013-07-24 16:55:35+00,1,11,180,11.52,0,9,5648,F1: T1R4-East,L1: ,Wheat (Sft Rd Wtr),948.58
-85.368619,42.411159,0.08,2013-07-24 16:55:34+00,1,37,180,11.52,0,9,5648,F1: T1R4-East,L1: ,Wheat (Sft Rd Wtr),948.58
-85.368608,42.411159,0.08,2013-07-24 16:55:33+00,1,58,180,11.52,0,9,5648,F1: T1R4-East,L1: ,Wheat (Sft Rd Wtr),948.58
-85.368591,42.411159,0.08,2013-07-24 16:55:32+00,1,71,180,11.52,0,9,5648,F1: T1R4-East,L1: ,Wheat (Sft Rd Wtr),948.92
-85.368569,42.411156,0.08,2013-07-24 16:55:31+00,1,71,180,11.52,0,9,5648,F1: T1R4-East,L1: ,Wheat (Sft Rd Wtr),948.5
-85.368549,42.411145,1.78,2013-07-24 16:55:30+00,1,70,180,11.52,0,9,5648,F1: T1R4-East,L1: ,Wheat (Sft Rd Wtr),948.5
-85.368541,42.411131,1.98,2013-07-24 16:55:29+00,1,59,180,11.52,0,9,5648,F1: T1R4-East,L1: ,Wheat (Sft Rd Wtr),948.5
-85.368536,42.411117,4.08,2013-07-24 16:55:28+00,1,51,180,11.52,0,9,5648,F1: T1R4-East,L1: ,Wheat (Sft Rd Wtr),948.5
-85.368533,42.411106,5.48,2013-07-24 16:55:27+00,1,64,180,11.52,0,9,5648,F1: T1R4-East,L1: ,Wheat (Sft Rd Wtr),948.5
-85.368533,42.411092,7.18,2013-07-24 16:55:26+00,1,72,180,11.52,0,9,5648,F1: T1R4-East,L1: ,Wheat (Sft Rd Wtr),948.5
-85.36853,42.411075,7.18,2013-07-24 16:55:25+00,1,74,180,11.52,0,9,5648,F1: T1R4-East,L1: ,Wheat (Sft Rd Wtr),948.5
-85.36853,42.411059,6.28,2013-07-24 16:55:24+00,1,74,180,11.52,1,9,5648,F1: T1R4-East,L1: ,Wheat (Sft Rd Wtr),948.5
-85.36853,42.411039,5.88,2013-07-24 16:55:23+00,1,74,180,11.57,1,9,5648,F1: T1R4-East,L1: ,Wheat (Sft Rd Wtr),948.25
-85.36853,42.411022,6.78,2013-07-24 16:55:22+00,1,74,180,11.57,1,9,5648,F1: T1R4-East,L1: ,Wheat (Sft Rd Wtr),948.5
-85.36853,42.411006,6.18,2013-07-24 16:55:21+00,1,74,180,11.57,1,9,5648,F1: T1R4-East,L1: ,Wheat (Sft Rd Wtr),948.17
-85.368527,42.410989,6.38,2013-07-24 16:55:20+00,1,74,180,11.57,1,9,5648,F1: T1R4-East,L1: ,Wheat (Sft Rd Wtr),948.17
-85.368527,42.41097,8.08,2013-07-24 16:55:19+00,1,75,180,11.57,1,9,5648,F1: T1R4-East,L1: ,Wheat (Sft Rd Wtr),948.17
-85.368527,42.410953,6.98,2013-07-24 16:55:18+00,1,74,180,11.57,1,9,5648,F1: T1R4-East,L1: ,Wheat (Sft Rd Wtr),948.17
-85.368527,42.410936,6.88,2013-07-24 16:55:17+00,1,74,180,11.57,1,9,5648,F1: T1R4-East,L1: ,Wheat (Sft Rd Wtr),948.17
-85.368527,42.410917,7.38,2013-07-24 16:55:16+00,1,75,180,11.57,1,9,5648,F1: T1R4-East,L1: ,Wheat (Sft Rd Wtr),948.17
-85.368527,42.4109,7.08,2013-07-24 16:55:15+00,1,75,180,11.57,1,9,5648,F1: T1R4-East,L1: ,Wheat (Sft Rd Wtr),948.17
-85.368527,42.410884,8.28,2013-07-24 16:55:14+00,1,74,180,11.57,1,9,5648,F1: T1R4-East,L1: ,Wheat (Sft Rd Wtr),948.17
-85.368527,42.410867,7.18,2013-07-24 16:55:13+00,1,74,180,11.57,1,9,5648,F1: T1R4-East,L1: ,Wheat (Sft Rd Wtr),948.17
-85.368527,42.410847,6.68,2013-07-24 16:55:12+00,1,74,180,11.57,1,9,5648,F1: T1R4-East,L1: ,Wheat (Sft Rd Wtr),948.17
-85.368527,42.410831,7.98,2013-07-24 16:55:11+00,1,74,180,11.57,1,9,5648,F1: T1R4-East,L1: ,Wheat (Sft Rd Wtr),948.17
-85.368527,42.410814,6.88,2013-07-24 16:55:10+00,1,74,180,11.57,1,9,5648,F1: T1R4-East,L1: ,Wheat (Sft Rd Wtr),948.17
-85.368527,42.410795,5.58,2013-07-24 16:55:09+00,1,74,180,11.57,1,9,5648,F1: T1R4-East,L1: ,Wheat (Sft Rd Wtr),948.17
-85.368527,42.410778,6.68,2013-07-24 16:55:08+00,1,74,180,11.57,1,9,5648,F1: T1R4-East,L1: ,Wheat (Sft Rd Wtr),948.17
-85.368527,42.410761,6.98,2013-07-24 16:55:07+00,1,74,180,11.57,1,9,5648,F1: T1R4-East,L1: ,Wheat (Sft Rd Wtr),948.17
-85.368527,42.410745,6.88,2013-07-24 16:55:06+00,1,75,180,11.57,1,9,5648,F1: T1R4-East,L1: ,Wheat (Sft Rd Wtr),948.17
-85.368527,42.410725,7.18,2013-07-24 16:55:05+00,1,73,180,11.57,1,9,5648,F1: T1R4-East,L1: ,Wheat (Sft Rd Wtr),948.17
-85.368527,42.410709,6.78,2013-07-24 16:55:04+00,1,73,180,11.57,1,9,5648,F1: T1R4-East,L1: ,Wheat (Sft Rd Wtr),948.17
-85.368527,42.410692,7.98,2013-07-24 16:55:03+00,1,73,180,11.57,1,9,5648,F1: T1R4-East,L1: ,Wheat (Sft Rd Wtr),948.17
-85.368527,42.410675,6.98,2013-07-24 16:55:02+00,1,72,180,11.57,1,9,5648,F1: T1R4-East,L1: ,Wheat (Sft Rd Wtr),948.17
-85.368527,42.410656,6.98,2013-07-24 16:55:01+00,1,72,180,11.57,1,9,5648,F1: T1R4-East,L1: ,Wheat (Sft Rd Wtr),948.17
-85.368527,42.410639,8.38,2013-07-24 16:55:00+00,1,72,180,11.57,1,9,5648,F1: T1R4-East,L1: ,Wheat (Sft Rd Wtr),947.75
-85.368527,42.410622,7.28,2013-07-24 16:54:59+00,1,73,180,11.67,1,9,5648,F1: T1R4-East,L1: ,Wheat (Sft Rd Wtr),947.75
-85.368527,42.410606,7.28,2013-07-24 16:54:58+00,1,72,180,11.67,1,9,5648,F1: T1R4-East,L1: ,Wheat (Sft Rd Wtr),947.75
-85.368527,42.410589,7.48,2013-07-24 16:54:57+00,1,72,180,11.67,1,9,5648,F1: T1R4-East,L1: ,Wheat (Sft Rd Wtr),947.75
-85.368527,42.410572,6.68,2013-07-24 16:54:56+00,1,72,180,11.67,1,9,5648,F1: T1R4-East,L1: ,Wheat (Sft Rd Wtr),947.75
-85.368527,42.410556,7.08,2013-07-24 16:54:55+00,1,73,180,11.67,1,9,5648,F1: T1R4-East,L1: ,Wheat (Sft Rd Wtr),947.33
-85.368527,42.410536,7.58,2013-07-24 16:54:54+00,1,71,180,11.67,1,9,5648,F1: T1R4-East,L1: ,Wheat (Sft Rd Wtr),947.33
-85.368527,42.41052,6.78,2013-07-24 16:54:53+00,1,71,180,11.67,1,9,5648,F1: T1R4-East,L1: ,Wheat (Sft Rd Wtr),947.33
-85.368527,42.410503,7.78,2013-07-24 16:54:52+00,1,71,180,11.67,1,9,5648,F1: T1R4-East,L1: ,Wheat (Sft Rd Wtr),947.33
-85.368527,42.410486,6.18,2013-07-24 16:54:51+00,1,71,180,11.67,1,9,5648,F1: T1R4-East,L1: ,Wheat (Sft Rd Wtr),947.33
-85.368527,42.41047,5.98,2013-07-24 16:54:50+00,1,71,180,11.67,1,9,5648,F1: T1R4-East,L1: ,Wheat (Sft Rd Wtr),947.33
-85.368524,42.410453,6.98,2013-07-24 16:54:49+00,1,71,180,11.67,1,9,5648,F1: T1R4-East,L1: ,Wheat (Sft Rd Wtr),946.92
-85.368524,42.410436,6.58,2013-07-24 16:54:48+00,1,71,180,11.67,1,9,5648,F1: T1R4-East,L1: ,Wheat (Sft Rd Wtr),946.92
-85.368524,42.41042,6.48,2013-07-24 16:54:47+00,1,71,180,11.67,1,9,5648,F1: T1R4-East,L1: ,Wheat (Sft Rd Wtr),946.92
-85.368524,42.410403,7.28,2013-07-24 16:54:46+00,1,71,180,11.67,1,9,5648,F1: T1R4-East,L1: ,Wheat (Sft Rd Wtr),946.5
-85.368524,42.410386,7.48,2013-07-24 16:54:45+00,1,71,180,11.67,1,9,5648,F1: T1R4-East,L1: ,Wheat (Sft Rd Wtr),946.5
-85.368524,42.410367,7.68,2013-07-24 16:54:44+00,1,71,180,11.67,1,9,5648,F1: T1R4-East,L1: ,Wheat (Sft Rd Wtr),946.5
-85.368524,42.41035,8.18,2013-07-24 16:54:43+00,1,71,180,11.67,1,9,5648,F1: T1R4-East,L1: ,Wheat (Sft Rd Wtr),946.5
-85.368524,42.410334,7.58,2013-07-24 16:54:42+00,1,71,180,11.67,1,9,5648,F1: T1R4-East,L1: ,Wheat (Sft Rd Wtr),946.5
-85.368522,42.410317,8.18,2013-07-24 16:54:41+00,1,71,180,11.67,1,9,5648,F1: T1R4-East,L1: ,Wheat (Sft Rd Wtr),946.08
-85.368522,42.4103,7.28,2013-07-24 16:54:40+00,1,71,180,11.67,1,9,5648,F1: T1R4-East,L1: ,Wheat (Sft Rd Wtr),946.08
-85.368522,42.410284,7.18,2013-07-24 16:54:39+00,1,71,180,11.67,1,9,5648,F1: T1R4-East,L1: ,Wheat (Sft Rd Wtr),946.08
-85.368522,42.410267,6.38,2013-07-24 16:54:38+00,1,71,180,11.67,1,9,5648,F1: T1R4-East,L1: ,Wheat (Sft Rd Wtr),946.08
-85.368519,42.41025,4.48,2013-07-24 16:54:37+00,1,70,180,11.67,1,9,5648,F1: T1R4-East,L1: ,Wheat (Sft Rd Wtr),946.08
-85.368519,42.410234,3.68,2013-07-24 16:54:36+00,1,64,180,11.67,1,9,5648,F1: T1R4-East,L1: ,Wheat (Sft Rd Wtr),946.08
-85.368519,42.41022,2.78,2013-07-24 16:54:35+00,1,54,180,11.67,1,9,5648,F1: T1R4-East,L1: ,Wheat (Sft Rd Wtr),945.75
-85.368516,42.410209,2.38,2013-07-24 16:54:34+00,1,36,180,11.67,1,9,5648,F1: T1R4-East,L1: ,Wheat (Sft Rd Wtr),945.75
-85.368513,42.410197,2.08,2013-07-24 16:54:33+00,1,21,180,11.67,1,9,5648,F1: T1R4-East,L1: ,Wheat (Sft Rd Wtr),946.08
-85.368513,42.410195,1.88,2013-07-24 16:54:32+00,1,23,180,11.67,1,9,5648,F1: T1R4-East,L1: ,Wheat (Sft Rd Wtr),945.75
-85.368511,42.410186,1.88,2013-07-24 16:54:31+00,1,27,180,11.67,1,9,5648,F1: T1R4-East,L1: ,Wheat (Sft Rd Wtr),945.75
-85.368511,42.410181,1.78,2013-07-24 16:54:30+00,1,41,180,11.57,0,8,5648,F1: T1R4-East,L1: ,Wheat (Sft Rd Wtr),946.08
-85.368508,42.410172,1.58,2013-07-24 16:54:29+00,1,45,180,11.57,0,8,5648,F1: T1R4-East,L1: ,Wheat (Sft Rd Wtr),946.08
-85.368502,42.410161,1.98,2013-07-24 16:54:28+00,1,29,180,11.57,0,8,5648,F1: T1R4-East,L1: ,Wheat (Sft Rd Wtr),945.75
-85.368499,42.410159,0.68,2013-07-24 16:54:27+00,1,7,180,11.57,0,8,5648,F1: T1R4-East,L1: ,Wheat (Sft Rd Wtr),945.75
-85.368499,42.410159,1.28,2013-07-24 16:54:26+00,1,35,180,11.57,0,8,5648,F1: T1R4-East,L1: ,Wheat (Sft Rd Wtr),945.75
-85.368505,42.410167,1.28,2013-07-24 16:54:25+00,1,45,180,11.57,0,8,5648,F1: T1R4-East,L1: ,Wheat (Sft Rd Wtr),946.08
-85.368516,42.410172,0.08,2013-07-24 16:54:24+00,1,44,180,11.57,0,8,5648,F1: T1R4-East,L1: ,Wheat (Sft Rd Wtr),945.75
-85.36853,42.410178,0.08,2013-07-24 16:54:23+00,1,45,180,11.57,0,8,5648,F1: T1R4-East,L1: ,Wheat (Sft Rd Wtr),945.75
-85.368544,42.410181,0.08,2013-07-24 16:54:22+00,1,27,180,11.57,0,8,5648,F1: T1R4-East,L1: ,Wheat (Sft Rd Wtr),945.75
-85.368552,42.410181,0.28,2013-07-24 16:54:21+00,1,11,180,11.57,0,8,5648,F1: T1R4-East,L1: ,Wheat (Sft Rd Wtr),946.08
-85.368549,42.410181,0.08,2013-07-24 16:54:20+00,1,41,180,11.57,0,8,5648,F1: T1R4-East,L1: ,Wheat (Sft Rd Wtr),945.67
-85.368538,42.410181,0.08,2013-07-24 16:54:19+00,1,58,180,11.57,0,8,5648,F1: T1R4-East,L1: ,Wheat (Sft Rd Wtr),945.67
-85.368519,42.410181,0.38,2013-07-24 16:54:18+00,1,72,180,11.57,0,8,5648,F1: T1R4-East,L1: ,Wheat (Sft Rd Wtr),945.67
-85.368499,42.410189,1.98,2013-07-24 16:54:17+00,1,75,180,11.57,0,8,5648,F1: T1R4-East,L1: ,Wheat (Sft Rd Wtr),945.67
-85.36848,42.4102,2.88,2013-07-24 16:54:16+00,1,75,180,11.57,0,8,5648,F1: T1R4-East,L1: ,Wheat (Sft Rd Wtr),945.33
-85.368472,42.410214,3.38,2013-07-24 16:54:15+00,1,64,180,11.57,0,8,5648,F1: T1R4-East,L1: ,Wheat (Sft Rd Wtr),946.08
-85.368472,42.410231,6.68,2013-07-24 16:54:14+00,1,51,180,11.57,0,8,5648,F1: T1R4-East,L1: ,Wheat (Sft Rd Wtr),945.75
-85.368472,42.410242,8.28,2013-07-24 16:54:13+00,1,53,180,11.57,0,8,5648,F1: T1R4-East,L1: ,Wheat (Sft Rd Wtr),945.75
-85.368472,42.410253,7.18,2013-07-24 16:54:12+00,1,67,180,11.57,1,8,5648,F1: T1R4-East,L1: ,Wheat (Sft Rd Wtr),946.17
-85.368472,42.41027,7.28,2013-07-24 16:54:11+00,1,74,180,11.57,1,8,5648,F1: T1R4-East,L1: ,Wheat (Sft Rd Wtr),946.17
-85.368472,42.410286,6.48,2013-07-24 16:54:10+00,1,74,180,11.57,1,8,5648,F1: T1R4-East,L1: ,Wheat (Sft Rd Wtr),946.17
-85.368472,42.410303,6.78,2013-07-24 16:54:09+00,1,74,180,11.57,1,8,5648,F1: T1R4-East,L1: ,Wheat (Sft Rd Wtr),946.17
-85.368472,42.410322,6.78,2013-07-24 16:54:08+00,1,74,180,11.57,1,8,5648,F1: T1R4-East,L1: ,Wheat (Sft Rd Wtr),946.17
-85.368472,42.410339,6.08,2013-07-24 16:54:07+00,1,74,180,11.57,1,8,5648,F1: T1R4-East,L1: ,Wheat (Sft Rd Wtr),946.17
-85.368472,42.410356,8.08,2013-07-24 16:54:06+00,1,74,180,11.57,1,8,5648,F1: T1R4-East,L1: ,Wheat (Sft Rd Wtr),946.58
-85.368472,42.410372,8.58,2013-07-24 16:54:05+00,1,74,180,11.57,1,8,5648,F1: T1R4-East,L1: ,Wheat (Sft Rd Wtr),946.58
-85.368472,42.410392,7.78,2013-07-24 16:54:04+00,1,74,180,11.57,1,8,5648,F1: T1R4-East,L1: ,Wheat (Sft Rd Wtr),946.58
-85.368472,42.410409,7.78,2013-07-24 16:54:03+00,1,74,180,11.57,1,8,5648,F1: T1R4-East,L1: ,Wheat (Sft Rd Wtr),946.58
-85.368472,42.410425,9.18,2013-07-24 16:54:02+00,1,74,180,11.57,1,8,5648,F1: T1R4-East,L1: ,Wheat (Sft Rd Wtr),946.58
-85.368472,42.410442,7.08,2013-07-24 16:54:01+00,1,74,180,11.57,1,8,5648,F1: T1R4-East,L1: ,Wheat (Sft Rd Wtr),947
-85.368472,42.410461,8.08,2013-07-24 16:54:00+00,1,74,180,11.57,1,8,5648,F1: T1R4-East,L1: ,Wheat (Sft Rd Wtr),947
-85.368472,42.410478,7.48,2013-07-24 16:53:59+00,1,74,180,11.57,1,8,5648,F1: T1R4-East,L1: ,Wheat (Sft Rd Wtr),947
-85.368472,42.410495,7.58,2013-07-24 16:53:58+00,1,74,180,11.57,1,8,5648,F1: T1R4-East,L1: ,Wheat (Sft Rd Wtr),947.42
-85.368472,42.410514,7.58,2013-07-24 16:53:57+00,1,74,180,11.57,1,8,5648,F1: T1R4-East,L1: ,Wheat (Sft Rd Wtr),947.42
-85.368472,42.410531,6.88,2013-07-24 16:53:56+00,1,74,180,11.57,1,8,5648,F1: T1R4-East,L1: ,Wheat (Sft Rd Wtr),947.42
-85.368472,42.410547,7.98,2013-07-24 16:53:55+00,1,74,180,11.57,1,8,5648,F1: T1R4-East,L1: ,Wheat (Sft Rd Wtr),947.42
-85.368472,42.410567,7.58,2013-07-24 16:53:54+00,1,74,180,11.57,1,8,5648,F1: T1R4-East,L1: ,Wheat (Sft Rd Wtr),947.42
-85.368472,42.410584,6.78,2013-07-24 16:53:53+00,1,75,180,11.57,1,8,5648,F1: T1R4-East,L1: ,Wheat (Sft Rd Wtr),947.42
-85.368472,42.4106,7.98,2013-07-24 16:53:52+00,1,75,180,11.57,1,8,5648,F1: T1R4-East,L1: ,Wheat (Sft Rd Wtr),947.83
-85.368472,42.41062,7.88,2013-07-24 16:53:51+00,1,74,180,11.57,1,8,5648,F1: T1R4-East,L1: ,Wheat (Sft Rd Wtr),947.83
-85.368472,42.410636,6.38,2013-07-24 16:53:50+00,1,74,180,11.57,1,8,5648,F1: T1R4-East,L1: ,Wheat (Sft Rd Wtr),947.83
-85.368472,42.410653,7.38,2013-07-24 16:53:49+00,1,74,180,11.57,1,8,5648,F1: T1R4-East,L1: ,Wheat (Sft Rd Wtr),947.83
-85.368474,42.410672,6.98,2013-07-24 16:53:48+00,1,75,180,11.57,1,8,5648,F1: T1R4-East,L1: ,Wheat (Sft Rd Wtr),947.83
-85.368474,42.410689,7.78,2013-07-24 16:53:47+00,1,75,180,11.57,1,8,5648,F1: T1R4-East,L1: ,Wheat (Sft Rd Wtr),947.83
-85.368474,42.410709,7.78,2013-07-24 16:53:46+00,1,75,180,11.57,1,8,5648,F1: T1R4-East,L1: ,Wheat (Sft Rd Wtr),948.25
-85.368474,42.410725,6.58,2013-07-24 16:53:45+00,1,75,180,11.57,1,8,5648,F1: T1R4-East,L1: ,Wheat (Sft Rd Wtr),948.25
-85.368474,42.410742,8.08,2013-07-24 16:53:44+00,1,74,180,11.57,1,8,5648,F1: T1R4-East,L1: ,Wheat (Sft Rd Wtr),948.25
-85.368474,42.410761,6.98,2013-07-24 16:53:43+00,1,76,180,11.57,1,8,5648,F1: T1R4-East,L1: ,Wheat (Sft Rd Wtr),948.25
-85.368474,42.410778,6.28,2013-07-24 16:53:42+00,1,77,180,11.57,1,8,5648,F1: T1R4-East,L1: ,Wheat (Sft Rd Wtr),948.25
-85.368477,42.410797,6.88,2013-07-24 16:53:41+00,1,75,180,11.57,1,8,5648,F1: T1R4-East,L1: ,Wheat (Sft Rd Wtr),948.25
-85.368477,42.410814,7.48,2013-07-24 16:53:40+00,1,74,180,11.57,1,8,5648,F1: T1R4-East,L1: ,Wheat (Sft Rd Wtr),948.25
-85.368477,42.410831,6.48,2013-07-24 16:53:39+00,1,75,180,11.57,1,8,5648,F1: T1R4-East,L1: ,Wheat (Sft Rd Wtr),948.25
-85.368477,42.41085,6.98,2013-07-24 16:53:38+00,1,74,180,11.57,1,8,5648,F1: T1R4-East,L1: ,Wheat (Sft Rd Wtr),948.5
-85.368477,42.410867,6.48,2013-07-24 16:53:37+00,1,75,180,11.57,1,8,5648,F1: T1R4-East,L1: ,Wheat (Sft Rd Wtr),948.25
-85.368477,42.410884,7.48,2013-07-24 16:53:36+00,1,74,180,11.57,1,8,5648,F1: T1R4-East,L1: ,Wheat (Sft Rd Wtr),948.25
-85.368477,42.410903,7.48,2013-07-24 16:53:35+00,1,74,180,11.57,1,8,5648,F1: T1R4-East,L1: ,Wheat (Sft Rd Wtr),948.25
-85.368477,42.41092,6.38,2013-07-24 16:53:34+00,1,75,180,11.57,1,8,5648,F1: T1R4-East,L1: ,Wheat (Sft Rd Wtr),948.25
-85.368477,42.410936,8.38,2013-07-24 16:53:33+00,1,75,180,11.57,1,8,5648,F1: T1R4-East,L1: ,Wheat (Sft Rd Wtr),948.5
-85.368477,42.410956,8.88,2013-07-24 16:53:32+00,1,74,180,11.57,1,8,5648,F1: T1R4-East,L1: ,Wheat (Sft Rd Wtr),948.25
-85.36848,42.410972,7.88,2013-07-24 16:53:31+00,1,75,180,11.57,1,8,5648,F1: T1R4-East,L1: ,Wheat (Sft Rd Wtr),948.5
-85.36848,42.410989,8.58,2013-07-24 16:53:30+00,1,75,180,11.57,1,8,5648,F1: T1R4-East,L1: ,Wheat (Sft Rd Wtr),948.5
-85.36848,42.411009,7.98,2013-07-24 16:53:29+00,1,75,180,11.57,1,8,5648,F1: T1R4-East,L1: ,Wheat (Sft Rd Wtr),948.5
-85.36848,42.411025,7.48,2013-07-24 16:53:28+00,1,75,180,11.57,1,8,5648,F1: T1R4-East,L1: ,Wheat (Sft Rd Wtr),948.5
-85.36848,42.411045,6.48,2013-07-24 16:53:27+00,1,71,180,11.57,1,8,5648,F1: T1R4-East,L1: ,Wheat (Sft Rd Wtr),948.5
-85.36848,42.411059,5.48,2013-07-24 16:53:26+00,1,67,180,11.57,1,8,5648,F1: T1R4-East,L1: ,Wheat (Sft Rd Wtr),948.5
-85.36848,42.411075,4.58,2013-07-24 16:53:25+00,1,68,180,11.57,1,8,5648,F1: T1R4-East,L1: ,Wheat (Sft Rd Wtr),948.5
-85.36848,42.411092,3.38,2013-07-24 16:53:24+00,1,57,180,11.57,1,8,5648,F1: T1R4-East,L1: ,Wheat (Sft Rd Wtr),948.5
-85.36848,42.411106,3.38,2013-07-24 16:53:23+00,1,42,180,11.57,1,8,5648,F1: T1R4-East,L1: ,Wheat (Sft Rd Wtr),948.5
-85.36848,42.411114,2.88,2013-07-24 16:53:22+00,1,30,180,11.57,1,8,5648,F1: T1R4-East,L1: ,Wheat (Sft Rd Wtr),948.25
-85.36848,42.411122,2.78,2013-07-24 16:53:21+00,1,42,180,11.57,1,8,5648,F1: T1R4-East,L1: ,Wheat (Sft Rd Wtr),948.58
-85.36848,42.411134,2.88,2013-07-24 16:53:20+00,1,62,180,11.57,0,7,5648,F1: T1R4-East,L1: ,Wheat (Sft Rd Wtr),948.92
-85.368477,42.411147,2.48,2013-07-24 16:53:19+00,1,66,180,11.57,0,7,5648,F1: T1R4-East,L1: ,Wheat (Sft Rd Wtr),948.92
-85.368474,42.411164,2.78,2013-07-24 16:53:18+00,1,43,180,11.57,0,7,5648,F1: T1R4-East,L1: ,Wheat (Sft Rd Wtr),948.5
-85.368474,42.411175,1.58,2013-07-24 16:53:17+00,1,11,180,11.57,0,7,5648,F1: T1R4-East,L1: ,Wheat (Sft Rd Wtr),948.5
-85.368474,42.411175,2.38,2013-07-24 16:53:16+00,1,42,180,11.57,0,7,5648,F1: T1R4-East,L1: ,Wheat (Sft Rd Wtr),948.5
-85.368477,42.411164,1.98,2013-07-24 16:53:15+00,1,64,180,11.57,0,7,5648,F1: T1R4-East,L1: ,Wheat (Sft Rd Wtr),948.5
-85.368491,42.41115,3.28,2013-07-24 16:53:14+00,1,66,180,11.57,0,7,5648,F1: T1R4-East,L1: ,Wheat (Sft Rd Wtr),948.5
-85.368508,42.411142,3.88,2013-07-24 16:53:13+00,1,52,180,11.57,0,7,5648,F1: T1R4-East,L1: ,Wheat (Sft Rd Wtr),948.25
-85.368522,42.411136,3.38,2013-07-24 16:53:12+00,1,24,180,11.57,0,7,5648,F1: T1R4-East,L1: ,Wheat (Sft Rd Wtr),948.25
-85.368527,42.411136,0.98,2013-07-24 16:53:11+00,1,16,180,11.57,0,7,5648,F1: T1R4-East,L1: ,Wheat (Sft Rd Wtr),948.25
-85.368524,42.411136,0.08,2013-07-24 16:53:10+00,1,50,180,11.57,0,7,5648,F1: T1R4-East,L1: ,Wheat (Sft Rd Wtr),948.25
-85.368508,42.411142,0.08,2013-07-24 16:53:09+00,1,62,180,11.57,0,7,5648,F1: T1R4-East,L1: ,Wheat (Sft Rd Wtr),948.58
-85.368491,42.411142,0.08,2013-07-24 16:53:08+00,1,74,180,11.57,0,7,5648,F1: T1R4-East,L1: ,Wheat (Sft Rd Wtr),948.58
-85.368466,42.411136,1.28,2013-07-24 16:53:07+00,1,78,180,11.57,0,7,5648,F1: T1R4-East,L1: ,Wheat (Sft Rd Wtr),948.58
-85.368447,42.411125,2.28,2013-07-24 16:53:06+00,1,71,180,11.57,0,7,5648,F1: T1R4-East,L1: ,Wheat (Sft Rd Wtr),948.92
-85.368433,42.411114,3.88,2013-07-24 16:53:05+00,1,64,180,11.57,0,7,5648,F1: T1R4-East,L1: ,Wheat (Sft Rd Wtr),948.5
-85.368427,42.411097,5.68,2013-07-24 16:53:04+00,1,62,180,11.57,0,7,5648,F1: T1R4-East,L1: ,Wheat (Sft Rd Wtr),948.5
-85.368427,42.411084,9.28,2013-07-24 16:53:03+00,1,64,180,11.57,0,7,5648,F1: T1R4-East,L1: ,Wheat (Sft Rd Wtr),948.5
-85.368427,42.41107,6.78,2013-07-24 16:53:02+00,1,71,180,11.57,1,7,5648,F1: T1R4-East,L1: ,Wheat (Sft Rd Wtr),948.5
-85.368427,42.411053,7.58,2013-07-24 16:53:01+00,1,73,180,11.57,1,7,5648,F1: T1R4-East,L1: ,Wheat (Sft Rd Wtr),948.5
-85.368427,42.411036,6.68,2013-07-24 16:53:00+00,1,72,180,11.57,1,7,5648,F1: T1R4-East,L1: ,Wheat (Sft Rd Wtr),948.5
-85.368427,42.411017,5.38,2013-07-24 16:52:59+00,1,73,180,11.57,1,7,5648,F1: T1R4-East,L1: ,Wheat (Sft Rd Wtr),948.5
-85.368424,42.411,6.88,2013-07-24 16:52:58+00,1,73,180,11.57,1,7,5648,F1: T1R4-East,L1: ,Wheat (Sft Rd Wtr),948.5
-85.368424,42.410984,6.98,2013-07-24 16:52:57+00,1,73,180,11.57,1,7,5648,F1: T1R4-East,L1: ,Wheat (Sft Rd Wtr),948.5
-85.368424,42.410967,6.08,2013-07-24 16:52:56+00,1,72,180,11.57,1,7,5648,F1: T1R4-East,L1: ,Wheat (Sft Rd Wtr),948.5
-85.368424,42.410947,6.88,2013-07-24 16:52:55+00,1,73,180,11.57,1,7,5648,F1: T1R4-East,L1: ,Wheat (Sft Rd Wtr),948.5
-85.368424,42.410931,7.88,2013-07-24 16:52:54+00,1,73,180,11.57,1,7,5648,F1: T1R4-East,L1: ,Wheat (Sft Rd Wtr),948.5
-85.368424,42.410914,6.58,2013-07-24 16:52:53+00,1,73,180,11.57,1,7,5648,F1: T1R4-East,L1: ,Wheat (Sft Rd Wtr),948.5
-85.368422,42.410897,6.98,2013-07-24 16:52:52+00,1,72,180,11.57,1,7,5648,F1: T1R4-East,L1: ,Wheat (Sft Rd Wtr),948.25
-85.368422,42.410881,5.98,2013-07-24 16:52:51+00,1,73,180,11.57,1,7,5648,F1: T1R4-East,L1: ,Wheat (Sft Rd Wtr),948.25
-85.368422,42.410861,7.48,2013-07-24 16:52:50+00,1,73,180,11.57,1,7,5648,F1: T1R4-East,L1: ,Wheat (Sft Rd Wtr),948.5
-85.368422,42.410845,7.48,2013-07-24 16:52:49+00,1,72,180,11.57,1,7,5648,F1: T1R4-East,L1: ,Wheat (Sft Rd Wtr),948.5
-85.368422,42.410828,6.38,2013-07-24 16:52:48+00,1,73,180,11.57,1,7,5648,F1: T1R4-East,L1: ,Wheat (Sft Rd Wtr),948.17
-85.368422,42.410811,7.28,2013-07-24 16:52:47+00,1,73,180,11.57,1,7,5648,F1: T1R4-East,L1: ,Wheat (Sft Rd Wtr),948.17
-85.368422,42.410792,6.78,2013-07-24 16:52:46+00,1,72,180,11.57,1,7,5648,F1: T1R4-East,L1: ,Wheat (Sft Rd Wtr),948.17
-85.368422,42.410775,5.98,2013-07-24 16:52:45+00,1,73,180,11.57,1,7,5648,F1: T1R4-East,L1: ,Wheat (Sft Rd Wtr),948.17
-85.368422,42.410759,6.38,2013-07-24 16:52:44+00,1,73,180,11.57,1,7,5648,F1: T1R4-East,L1: ,Wheat (Sft Rd Wtr),948.17
-85.368422,42.410742,5.88,2013-07-24 16:52:43+00,1,72,180,11.57,1,7,5648,F1: T1R4-East,L1: ,Wheat (Sft Rd Wtr),948.17
-85.368422,42.410722,6.28,2013-07-24 16:52:42+00,1,73,180,11.57,1,7,5648,F1: T1R4-East,L1: ,Wheat (Sft Rd Wtr),948.17
-85.368419,42.410706,6.28,2013-07-24 16:52:41+00,1,73,180,11.57,1,7,5648,F1: T1R4-East,L1: ,Wheat (Sft Rd Wtr),948.17
-85.368419,42.410689,5.78,2013-07-24 16:52:40+00,1,73,180,11.57,1,7,5648,F1: T1R4-East,L1: ,Wheat (Sft Rd Wtr),947.75
-85.368419,42.410672,7.68,2013-07-24 16:52:39+00,1,73,180,11.57,1,7,5648,F1: T1R4-East,L1: ,Wheat (Sft Rd Wtr),947.75
-85.368419,42.410656,7.18,2013-07-24 16:52:38+00,1,72,180,11.57,1,7,5648,F1: T1R4-East,L1: ,Wheat (Sft Rd Wtr),947.75
-85.368419,42.410639,6.38,2013-07-24 16:52:37+00,1,72,180,11.57,1,7,5648,F1: T1R4-East,L1: ,Wheat (Sft Rd Wtr),947.75
-85.368419,42.41062,7.28,2013-07-24 16:52:36+00,1,72,180,11.57,1,7,5648,F1: T1R4-East,L1: ,Wheat (Sft Rd Wtr),947.33
-85.368419,42.410603,7.88,2013-07-24 16:52:35+00,1,73,180,11.57,1,7,5648,F1: T1R4-East,L1: ,Wheat (Sft Rd Wtr),947.33
-85.368419,42.410586,6.58,2013-07-24 16:52:34+00,1,72,180,11.57,1,7,5648,F1: T1R4-East,L1: ,Wheat (Sft Rd Wtr),947.33
-85.368419,42.41057,7.28,2013-07-24 16:52:33+00,1,72,180,11.57,1,7,5648,F1: T1R4-East,L1: ,Wheat (Sft Rd Wtr),947.33
-85.368419,42.410553,6.78,2013-07-24 16:52:32+00,1,73,180,11.57,1,7,5648,F1: T1R4-East,L1: ,Wheat (Sft Rd Wtr),947.33
-85.368419,42.410536,7.78,2013-07-24 16:52:31+00,1,72,180,11.57,1,7,5648,F1: T1R4-East,L1: ,Wheat (Sft Rd Wtr),946.92
-85.368419,42.410517,6.98,2013-07-24 16:52:30+00,1,72,180,11.57,1,7,5648,F1: T1R4-East,L1: ,Wheat (Sft Rd Wtr),946.92
-85.368419,42.4105,6.48,2013-07-24 16:52:29+00,1,72,180,11.57,1,7,5648,F1: T1R4-East,L1: ,Wheat (Sft Rd Wtr),946.92
-85.368419,42.410484,8.38,2013-07-24 16:52:28+00,1,72,180,11.57,1,7,5648,F1: T1R4-East,L1: ,Wheat (Sft Rd Wtr),946.92
-85.368419,42.410467,7.38,2013-07-24 16:52:27+00,1,72,180,11.57,1,7,5648,F1: T1R4-East,L1: ,Wheat (Sft Rd Wtr),946.92
-85.368419,42.41045,6.58,2013-07-24 16:52:26+00,1,72,180,11.57,1,7,5648,F1: T1R4-East,L1: ,Wheat (Sft Rd Wtr),946.92
-85.368419,42.410434,7.38,2013-07-24 16:52:25+00,1,72,180,11.57,1,7,5648,F1: T1R4-East,L1: ,Wheat (Sft Rd Wtr),946.5
-85.368419,42.410417,7.58,2013-07-24 16:52:24+00,1,72,180,11.57,1,7,5648,F1: T1R4-East,L1: ,Wheat (Sft Rd Wtr),946.5
-85.368419,42.410397,6.78,2013-07-24 16:52:23+00,1,72,180,11.57,1,7,5648,F1: T1R4-East,L1: ,Wheat (Sft Rd Wtr),946.5
-85.368419,42.410381,7.98,2013-07-24 16:52:22+00,1,72,180,11.57,1,7,5648,F1: T1R4-East,L1: ,Wheat (Sft Rd Wtr),946.5
-85.368419,42.410364,7.38,2013-07-24 16:52:21+00,1,73,180,11.57,1,7,5648,F1: T1R4-East,L1: ,Wheat (Sft Rd Wtr),946.5
-85.368419,42.410347,8.08,2013-07-24 16:52:20+00,1,73,180,11.57,1,7,5648,F1: T1R4-East,L1: ,Wheat (Sft Rd Wtr),946.08
-85.368419,42.410331,8.08,2013-07-24 16:52:19+00,1,70,180,11.57,1,7,5648,F1: T1R4-East,L1: ,Wheat (Sft Rd Wtr),946.08
-85.368419,42.410314,7.18,2013-07-24 16:52:18+00,1,70,180,11.57,1,7,5648,F1: T1R4-East,L1: ,Wheat (Sft Rd Wtr),946.08
-85.368419,42.410297,8.68,2013-07-24 16:52:17+00,1,70,180,11.57,1,7,5648,F1: T1R4-East,L1: ,Wheat (Sft Rd Wtr),946.08
-85.368419,42.410281,8.18,2013-07-24 16:52:16+00,1,69,180,11.57,1,7,5648,F1: T1R4-East,L1: ,Wheat (Sft Rd Wtr),946.08
-85.368416,42.410264,5.48,2013-07-24 16:52:15+00,1,70,180,11.57,1,7,5648,F1: T1R4-East,L1: ,Wheat (Sft Rd Wtr),946.08
-85.368416,42.410247,4.38,2013-07-24 16:52:14+00,1,70,180,11.57,1,7,5648,F1: T1R4-East,L1: ,Wheat (Sft Rd Wtr),946.08
-85.368416,42.410231,3.48,2013-07-24 16:52:13+00,1,63,180,11.57,1,7,5648,F1: T1R4-East,L1: ,Wheat (Sft Rd Wtr),945.75
-85.368413,42.410217,2.98,2013-07-24 16:52:12+00,1,49,180,11.57,1,7,5648,F1: T1R4-East,L1: ,Wheat (Sft Rd Wtr),945.75
-85.368413,42.410206,1.98,2013-07-24 16:52:11+00,1,29,180,11.57,1,7,5648,F1: T1R4-East,L1: ,Wheat (Sft Rd Wtr),945.75
-85.368413,42.4102,1.98,2013-07-24 16:52:10+00,1,25,180,11.57,1,7,5648,F1: T1R4-East,L1: ,Wheat (Sft Rd Wtr),945.75
-85.368411,42.410192,2.08,2013-07-24 16:52:09+00,1,37,180,11.57,1,7,5648,F1: T1R4-East,L1: ,Wheat (Sft Rd Wtr),946.08
-85.368411,42.410184,1.88,2013-07-24 16:52:08+00,1,49,180,11.57,0,6,5648,F1: T1R4-East,L1: ,Wheat (Sft Rd Wtr),946.08
-85.368405,42.410172,1.78,2013-07-24 16:52:07+00,1,42,180,11.47,0,6,5648,F1: T1R4-East,L1: ,Wheat (Sft Rd Wtr),946.08
-85.368397,42.410164,1.68,2013-07-24 16:52:06+00,1,20,180,11.47,0,6,5648,F1: T1R4-East,L1: ,Wheat (Sft Rd Wtr),946.08
-85.368397,42.410161,1.98,2013-07-24 16:52:05+00,1,32,180,11.47,0,6,5648,F1: T1R4-East,L1: ,Wheat (Sft Rd Wtr),946.08
-85.368402,42.41017,0.68,2013-07-24 16:52:04+00,1,53,180,11.47,0,6,5648,F1: T1R4-East,L1: ,Wheat (Sft Rd Wtr),946.08
-85.368416,42.410178,0.78,2013-07-24 16:52:03+00,1,61,180,11.47,0,6,5648,F1: T1R4-East,L1: ,Wheat (Sft Rd Wtr),946.08
-85.368433,42.410184,1.88,2013-07-24 16:52:02+00,1,45,180,11.47,0,6,5648,F1: T1R4-East,L1: ,Wheat (Sft Rd Wtr),946.08
-85.368449,42.410186,1.48,2013-07-24 16:52:01+00,1,25,180,11.47,0,6,5648,F1: T1R4-East,L1: ,Wheat (Sft Rd Wtr),945.75
-85.368452,42.410186,1.28,2013-07-24 16:52:00+00,1,28,180,11.47,0,6,5648,F1: T1R4-East,L1: ,Wheat (Sft Rd Wtr),945.75
-85.368444,42.410186,1.18,2013-07-24 16:51:59+00,1,57,180,11.47,0,6,5648,F1: T1R4-East,L1: ,Wheat (Sft Rd Wtr),945.75
-85.368424,42.410186,0.08,2013-07-24 16:51:58+00,1,66,180,11.47,0,6,5648,F1: T1R4-East,L1: ,Wheat (Sft Rd Wtr),945.75
-85.368405,42.410189,0.08,2013-07-24 16:51:57+00,1,64,180,11.47,0,6,5648,F1: T1R4-East,L1: ,Wheat (Sft Rd Wtr),945.75
-85.368386,42.410197,0.98,2013-07-24 16:51:56+00,1,64,180,11.47,0,6,5648,F1: T1R4-East,L1: ,Wheat (Sft Rd Wtr),945.75
-85.368372,42.410209,2.68,2013-07-24 16:51:55+00,1,64,180,11.47,0,6,5648,F1: T1R4-East,L1: ,Wheat (Sft Rd Wtr),945.75
-85.368366,42.410222,3.48,2013-07-24 16:51:54+00,1,56,180,11.47,0,6,5648,F1: T1R4-East,L1: ,Wheat (Sft Rd Wtr),946.17
-85.368366,42.410234,5.38,2013-07-24 16:51:53+00,1,43,180,11.47,0,6,5648,F1: T1R4-East,L1: ,Wheat (Sft Rd Wtr),946.17
-85.368366,42.410245,7.68,2013-07-24 16:51:52+00,1,34,180,11.47,0,6,5648,F1: T1R4-East,L1: ,Wheat (Sft Rd Wtr),946.17
-85.368366,42.410253,7.38,2013-07-24 16:51:51+00,1,46,180,11.47,0,6,5648,F1: T1R4-East,L1: ,Wheat (Sft Rd Wtr),946.17
-85.368366,42.410261,7.28,2013-07-24 16:51:50+00,1,58,180,11.47,1,6,5648,F1: T1R4-East,L1: ,Wheat (Sft Rd Wtr),946.17
-85.368366,42.410275,7.08,2013-07-24 16:51:49+00,1,67,180,11.47,1,6,5648,F1: T1R4-East,L1: ,Wheat (Sft Rd Wtr),946.17
-85.368366,42.410292,6.08,2013-07-24 16:51:48+00,1,72,180,11.47,1,6,5648,F1: T1R4-East,L1: ,Wheat (Sft Rd Wtr),946.17
-85.368366,42.410309,6.48,2013-07-24 16:51:47+00,1,72,180,11.47,1,6,5648,F1: T1R4-East,L1: ,Wheat (Sft Rd Wtr),946.17
-85.368366,42.410325,6.48,2013-07-24 16:51:46+00,1,72,180,11.47,1,6,5648,F1: T1R4-East,L1: ,Wheat (Sft Rd Wtr),946.58
-85.368366,42.410345,7.88,2013-07-24 16:51:45+00,1,72,180,11.47,1,6,5648,F1: T1R4-East,L1: ,Wheat (Sft Rd Wtr),946.58
-85.368366,42.410361,7.88,2013-07-24 16:51:44+00,1,72,180,11.47,1,6,5648,F1: T1R4-East,L1: ,Wheat (Sft Rd Wtr),946.58
-85.368366,42.410378,7.58,2013-07-24 16:51:43+00,1,72,180,11.47,1,6,5648,F1: T1R4-East,L1: ,Wheat (Sft Rd Wtr),946.58
-85.368366,42.410395,7.58,2013-07-24 16:51:42+00,1,73,180,11.47,1,6,5648,F1: T1R4-East,L1: ,Wheat (Sft Rd Wtr),946.58
-85.368366,42.410411,8.38,2013-07-24 16:51:41+00,1,72,180,11.47,1,6,5648,F1: T1R4-East,L1: ,Wheat (Sft Rd Wtr),946.58
-85.368366,42.410431,6.68,2013-07-24 16:51:40+00,1,73,180,11.47,1,6,5648,F1: T1R4-East,L1: ,Wheat (Sft Rd Wtr),946.58
-85.368366,42.410447,7.78,2013-07-24 16:51:39+00,1,72,180,11.47,1,6,5648,F1: T1R4-East,L1: ,Wheat (Sft Rd Wtr),946.58
-85.368366,42.410464,7.98,2013-07-24 16:51:38+00,1,72,180,11.47,1,6,5648,F1: T1R4-East,L1: ,Wheat (Sft Rd Wtr),946.58
-85.368366,42.410481,6.88,2013-07-24 16:51:37+00,1,73,180,11.47,1,6,5648,F1: T1R4-East,L1: ,Wheat (Sft Rd Wtr),946.58
-85.368366,42.410497,7.48,2013-07-24 16:51:36+00,1,72,180,11.47,1,6,5648,F1: T1R4-East,L1: ,Wheat (Sft Rd Wtr),946.58
-85.368366,42.410514,6.68,2013-07-24 16:51:35+00,1,73,180,11.47,1,6,5648,F1: T1R4-East,L1: ,Wheat (Sft Rd Wtr),946.58
-85.368366,42.410534,8.08,2013-07-24 16:51:34+00,1,72,180,11.47,1,6,5648,F1: T1R4-East,L1: ,Wheat (Sft Rd Wtr),947
-85.368366,42.41055,8.18,2013-07-24 16:51:33+00,1,73,180,11.47,1,6,5648,F1: T1R4-East,L1: ,Wheat (Sft Rd Wtr),947
-85.368366,42.410567,7.28,2013-07-24 16:51:32+00,1,73,180,11.47,1,6,5648,F1: T1R4-East,L1: ,Wheat (Sft Rd Wtr),947
-85.368366,42.410584,7.88,2013-07-24 16:51:31+00,1,73,180,11.47,1,6,5648,F1: T1R4-East,L1: ,Wheat (Sft Rd Wtr),947
-85.368366,42.4106,7.98,2013-07-24 16:51:30+00,1,73,180,11.47,1,6,5648,F1: T1R4-East,L1: ,Wheat (Sft Rd Wtr),947
-85.368366,42.41062,6.28,2013-07-24 16:51:29+00,1,73,180,11.47,1,6,5648,F1: T1R4-East,L1: ,Wheat (Sft Rd Wtr),947.42
-85.368366,42.410636,7.08,2013-07-24 16:51:28+00,1,72,180,11.47,1,6,5648,F1: T1R4-East,L1: ,Wheat (Sft Rd Wtr),947.42
-85.368369,42.410653,7.18,2013-07-24 16:51:27+00,1,72,180,11.47,1,6,5648,F1: T1R4-East,L1: ,Wheat (Sft Rd Wtr),947.42
-85.368369,42.41067,6.88,2013-07-24 16:51:26+00,1,73,180,11.47,1,6,5648,F1: T1R4-East,L1: ,Wheat (Sft Rd Wtr),947.42
-85.368369,42.410686,6.68,2013-07-24 16:51:25+00,1,73,180,11.47,1,6,5648,F1: T1R4-East,L1: ,Wheat (Sft Rd Wtr),947.42
-85.368369,42.410706,5.98,2013-07-24 16:51:24+00,1,73,180,11.47,1,6,5648,F1: T1R4-East,L1: ,Wheat (Sft Rd Wtr),947.42
-85.368369,42.410722,6.88,2013-07-24 16:51:23+00,1,73,180,11.47,1,6,5648,F1: T1R4-East,L1: ,Wheat (Sft Rd Wtr),947.83
-85.368369,42.410739,6.88,2013-07-24 16:51:22+00,1,73,180,11.47,1,6,5648,F1: T1R4-East,L1: ,Wheat (Sft Rd Wtr),947.83
-85.368372,42.410756,6.48,2013-07-24 16:51:21+00,1,73,180,11.47,1,6,5648,F1: T1R4-East,L1: ,Wheat (Sft Rd Wtr),947.83
-85.368372,42.410775,7.28,2013-07-24 16:51:20+00,1,72,180,11.47,1,6,5648,F1: T1R4-East,L1: ,Wheat (Sft Rd Wtr),947.83
-85.368372,42.410792,7.98,2013-07-24 16:51:19+00,1,73,180,11.47,1,6,5648,F1: T1R4-East,L1: ,Wheat (Sft Rd Wtr),948.25
-85.368372,42.410809,7.38,2013-07-24 16:51:18+00,1,73,180,11.47,1,6,5648,F1: T1R4-East,L1: ,Wheat (Sft Rd Wtr),948.25
-85.368372,42.410825,8.58,2013-07-24 16:51:17+00,1,73,180,11.47,1,6,5648,F1: T1R4-East,L1: ,Wheat (Sft Rd Wtr),948.25
-85.368372,42.410845,7.78,2013-07-24 16:51:16+00,1,72,180,11.47,1,6,5648,F1: T1R4-East,L1: ,Wheat (Sft Rd Wtr),948.25
-85.368372,42.410861,8.18,2013-07-24 16:51:15+00,1,72,180,11.47,1,6,5648,F1: T1R4-East,L1: ,Wheat (Sft Rd Wtr),948.25
-85.368372,42.410878,7.88,2013-07-24 16:51:14+00,1,72,180,11.47,1,6,5648,F1: T1R4-East,L1: ,Wheat (Sft Rd Wtr),948.25
-85.368372,42.410895,6.48,2013-07-24 16:51:13+00,1,72,180,11.47,1,6,5648,F1: T1R4-East,L1: ,Wheat (Sft Rd Wtr),948.25
-85.368372,42.410911,7.58,2013-07-24 16:51:12+00,1,73,180,11.47,1,6,5648,F1: T1R4-East,L1: ,Wheat (Sft Rd Wtr),948.58
-85.368372,42.410931,7.08,2013-07-24 16:51:11+00,1,72,180,11.47,1,6,5648,F1: T1R4-East,L1: ,Wheat (Sft Rd Wtr),948.58
-85.368372,42.410947,6.18,2013-07-24 16:51:10+00,1,73,180,11.47,1,6,5648,F1: T1R4-East,L1: ,Wheat (Sft Rd Wtr),948.58
-85.368374,42.410964,7.08,2013-07-24 16:51:09+00,1,73,180,11.47,1,6,5648,F1: T1R4-East,L1: ,Wheat (Sft Rd Wtr),948.58
-85.368374,42.410981,7.28,2013-07-24 16:51:08+00,1,73,180,11.47,1,6,5648,F1: T1R4-East,L1: ,Wheat (Sft Rd Wtr),948.58
-85.368374,42.411,6.08,2013-07-24 16:51:07+00,1,73,180,11.47,1,6,5648,F1: T1R4-East,L1: ,Wheat (Sft Rd Wtr),948.58
-85.368374,42.411017,6.58,2013-07-24 16:51:06+00,1,73,180,11.47,1,6,5648,F1: T1R4-East,L1: ,Wheat (Sft Rd Wtr),948.92
-85.368374,42.411034,5.38,2013-07-24 16:51:05+00,1,73,180,11.47,1,6,5648,F1: T1R4-East,L1: ,Wheat (Sft Rd Wtr),948.92
-85.368374,42.41105,4.88,2013-07-24 16:51:04+00,1,71,180,11.47,1,6,5648,F1: T1R4-East,L1: ,Wheat (Sft Rd Wtr),948.92
-85.368374,42.41107,4.68,2013-07-24 16:51:03+00,1,56,180,11.47,1,6,5648,F1: T1R4-East,L1: ,Wheat (Sft Rd Wtr),948.58
-85.368377,42.411081,3.68,2013-07-24 16:51:02+00,1,47,180,11.47,1,6,5648,F1: T1R4-East,L1: ,Wheat (Sft Rd Wtr),948.92
-85.368377,42.411092,3.38,2013-07-24 16:51:01+00,1,43,180,11.47,1,6,5648,F1: T1R4-East,L1: ,Wheat (Sft Rd Wtr),948.58
-85.368377,42.4111,3.68,2013-07-24 16:51:00+00,1,29,180,11.47,1,6,5648,F1: T1R4-East,L1: ,Wheat (Sft Rd Wtr),948.58
-85.368377,42.411109,2.98,2013-07-24 16:50:59+00,1,28,180,11.47,1,6,5648,F1: T1R4-East,L1: ,Wheat (Sft Rd Wtr),948.58
-85.368377,42.411114,2.58,2013-07-24 16:50:58+00,1,30,180,11.47,1,6,5648,F1: T1R4-East,L1: ,Wheat (Sft Rd Wtr),948.58
-85.368377,42.41112,2.48,2013-07-24 16:50:57+00,1,35,180,11.47,1,6,5648,F1: T1R4-East,L1: ,Wheat (Sft Rd Wtr),948.58
-85.36838,42.411128,2.18,2013-07-24 16:50:56+00,1,42,180,11.47,1,6,5648,F1: T1R4-East,L1: ,Wheat (Sft Rd Wtr),948.58
-85.368382,42.41115,1.68,2013-07-24 16:50:55+00,1,49,180,11.47,0,5,5648,F1: T1R4-East,L1: ,Wheat (Sft Rd Wtr),949.33
-85.368382,42.411164,1.38,2013-07-24 16:50:54+00,1,61,180,11.47,0,5,5648,F1: T1R4-East,L1: ,Wheat (Sft Rd Wtr),948.92
-85.368379,42.411178,1.38,2013-07-24 16:50:53+00,1,57,180,11.47,0,5,5648,F1: T1R4-East,L1: ,Wheat (Sft Rd Wtr),948.92
-85.368371,42.411189,2.08,2013-07-24 16:50:52+00,1,26,180,11.47,0,5,5648,F1: T1R4-East,L1: ,Wheat (Sft Rd Wtr),948.92
-85.368365,42.411192,2.58,2013-07-24 16:50:51+00,1,11,180,11.47,0,5,5648,F1: T1R4-East,L1: ,Wheat (Sft Rd Wtr),948.92
-85.368368,42.411192,2.48,2013-07-24 16:50:50+00,1,46,180,11.47,0,5,5648,F1: T1R4-East,L1: ,Wheat (Sft Rd Wtr),948.92
-85.368376,42.411183,3.38,2013-07-24 16:50:49+00,1,50,180,11.47,0,5,5648,F1: T1R4-East,L1: ,Wheat (Sft Rd Wtr),948.92
-85.36839,42.411175,2.78,2013-07-24 16:50:48+00,1,50,180,11.47,0,5,5648,F1: T1R4-East,L1: ,Wheat (Sft Rd Wtr),948.92
-85.368407,42.411172,3.4,2013-07-24 16:50:47+00,1,27,180,11.47,0,5,5648,F1: T1R4-East,L1: ,Wheat (Sft Rd Wtr),948.92
-85.368412,42.411172,2.1,2013-07-24 16:50:46+00,1,9,180,11.47,0,5,5648,F1: T1R4-East,L1: ,Wheat (Sft Rd Wtr),948.58
-85.368412,42.411172,1.7,2013-07-24 16:50:45+00,1,48,180,11.47,0,5,5648,F1: T1R4-East,L1: ,Wheat (Sft Rd Wtr),949
-85.368396,42.411172,0.7,2013-07-24 16:50:44+00,1,67,180,11.47,0,5,5648,F1: T1R4-East,L1: ,Wheat (Sft Rd Wtr),949
-85.368373,42.411172,0,2013-07-24 16:50:43+00,1,73,180,11.47,0,5,5648,F1: T1R4-East,L1: ,Wheat (Sft Rd Wtr),949
-85.368351,42.411164,0.1,2013-07-24 16:50:42+00,1,73,180,11.47,0,5,5648,F1: T1R4-East,L1: ,Wheat (Sft Rd Wtr),949.33
-85.368335,42.411153,1.8,2013-07-24 16:50:41+00,1,70,180,11.47,0,5,5648,F1: T1R4-East,L1: ,Wheat (Sft Rd Wtr),949.33
-85.368326,42.411136,2.7,2013-07-24 16:50:40+00,1,68,180,11.47,0,5,5648,F1: T1R4-East,L1: ,Wheat (Sft Rd Wtr),948.92
-85.368323,42.411125,3.7,2013-07-24 16:50:39+00,1,67,180,11.47,0,5,5648,F1: T1R4-East,L1: ,Wheat (Sft Rd Wtr),948.58
-85.368323,42.411108,5.1,2013-07-24 16:50:38+00,1,67,180,11.47,0,5,5648,F1: T1R4-East,L1: ,Wheat (Sft Rd Wtr),948.58
-85.368323,42.411092,6.9,2013-07-24 16:50:37+00,1,67,180,11.47,0,5,5648,F1: T1R4-East,L1: ,Wheat (Sft Rd Wtr),948.92
-85.368323,42.411078,6.1,2013-07-24 16:50:36+00,1,71,180,11.47,1,5,5648,F1: T1R4-East,L1: ,Wheat (Sft Rd Wtr),948.92
-85.368321,42.411058,6.6,2013-07-24 16:50:35+00,1,71,180,11.54,1,5,5648,F1: T1R4-East,L1: ,Wheat (Sft Rd Wtr),948.92
-85.368321,42.411042,5,2013-07-24 16:50:34+00,1,71,180,11.54,1,5,5648,F1: T1R4-East,L1: ,Wheat (Sft Rd Wtr),948.92
-85.368321,42.411025,3.2,2013-07-24 16:50:33+00,1,71,180,11.54,1,5,5648,F1: T1R4-East,L1: ,Wheat (Sft Rd Wtr),948.92
-85.368321,42.411008,5.6,2013-07-24 16:50:32+00,1,71,180,11.54,1,5,5648,F1: T1R4-East,L1: ,Wheat (Sft Rd Wtr),948.92
-85.368321,42.410992,4.6,2013-07-24 16:50:31+00,1,71,180,11.54,1,5,5648,F1: T1R4-East,L1: ,Wheat (Sft Rd Wtr),948.92
-85.368321,42.410975,5.4,2013-07-24 16:50:30+00,1,71,180,11.54,1,5,5648,F1: T1R4-East,L1: ,Wheat (Sft Rd Wtr),948.92
-85.368321,42.410958,5.4,2013-07-24 16:50:29+00,1,71,180,11.54,1,5,5648,F1: T1R4-East,L1: ,Wheat (Sft Rd Wtr),948.5
-85.368318,42.410942,5.4,2013-07-24 16:50:28+00,1,71,180,11.54,1,5,5648,F1: T1R4-East,L1: ,Wheat (Sft Rd Wtr),948.5
-85.368318,42.410925,6,2013-07-24 16:50:27+00,1,71,180,11.54,1,5,5648,F1: T1R4-East,L1: ,Wheat (Sft Rd Wtr),948.5
-85.368318,42.410908,6.4,2013-07-24 16:50:26+00,1,71,180,11.54,1,5,5648,F1: T1R4-East,L1: ,Wheat (Sft Rd Wtr),948.5
-85.368318,42.410892,5.7,2013-07-24 16:50:25+00,1,71,180,11.54,1,5,5648,F1: T1R4-East,L1: ,Wheat (Sft Rd Wtr),948.5
-85.368318,42.410875,5.9,2013-07-24 16:50:24+00,1,71,180,11.54,1,5,5648,F1: T1R4-East,L1: ,Wheat (Sft Rd Wtr),948.5
-85.368318,42.410858,6.1,2013-07-24 16:50:23+00,1,71,180,11.54,1,5,5648,F1: T1R4-East,L1: ,Wheat (Sft Rd Wtr),948.17
-85.368318,42.410839,6.2,2013-07-24 16:50:22+00,1,71,180,11.54,1,5,5648,F1: T1R4-East,L1: ,Wheat (Sft Rd Wtr),948.5
-85.368318,42.410822,6.3,2013-07-24 16:50:21+00,1,71,180,11.54,1,5,5648,F1: T1R4-East,L1: ,Wheat (Sft Rd Wtr),948.08
-85.368318,42.410806,5.4,2013-07-24 16:50:20+00,1,71,180,11.54,1,5,5648,F1: T1R4-East,L1: ,Wheat (Sft Rd Wtr),948.08
-85.368318,42.410789,6.3,2013-07-24 16:50:19+00,1,71,180,11.54,1,5,5648,F1: T1R4-East,L1: ,Wheat (Sft Rd Wtr),948.08
-85.368318,42.410772,5.6,2013-07-24 16:50:18+00,1,71,180,11.54,1,5,5648,F1: T1R4-East,L1: ,Wheat (Sft Rd Wtr),948.08
-85.368318,42.410756,4.8,2013-07-24 16:50:17+00,1,71,180,11.54,1,5,5648,F1: T1R4-East,L1: ,Wheat (Sft Rd Wtr),948.08
-85.368315,42.410739,5.7,2013-07-24 16:50:16+00,1,71,180,11.54,1,5,5648,F1: T1R4-East,L1: ,Wheat (Sft Rd Wtr),947.67
-85.368315,42.410722,6,2013-07-24 16:50:15+00,1,71,180,11.54,1,5,5648,F1: T1R4-East,L1: ,Wheat (Sft Rd Wtr),947.67
-85.368315,42.410706,5.1,2013-07-24 16:50:14+00,1,71,180,11.54,1,5,5648,F1: T1R4-East,L1: ,Wheat (Sft Rd Wtr),947.67
-85.368315,42.410689,5.9,2013-07-24 16:50:13+00,1,71,180,11.54,1,5,5648,F1: T1R4-East,L1: ,Wheat (Sft Rd Wtr),947.25
-85.368315,42.410672,5.6,2013-07-24 16:50:12+00,1,71,180,11.54,1,5,5648,F1: T1R4-East,L1: ,Wheat (Sft Rd Wtr),947.25
-85.368315,42.410656,6.3,2013-07-24 16:50:11+00,1,71,180,11.54,1,5,5648,F1: T1R4-East,L1: ,Wheat (Sft Rd Wtr),947.25
-85.368315,42.410639,6.4,2013-07-24 16:50:10+00,1,71,180,11.54,1,5,5648,F1: T1R4-East,L1: ,Wheat (Sft Rd Wtr),947.25
-85.368315,42.410622,5.9,2013-07-24 16:50:09+00,1,71,180,11.54,1,5,5648,F1: T1R4-East,L1: ,Wheat (Sft Rd Wtr),947.25
-85.368315,42.410606,7.6,2013-07-24 16:50:08+00,1,71,180,11.54,1,5,5648,F1: T1R4-East,L1: ,Wheat (Sft Rd Wtr),947.25
-85.368315,42.410586,7,2013-07-24 16:50:07+00,1,71,180,11.54,1,5,5648,F1: T1R4-East,L1: ,Wheat (Sft Rd Wtr),947.25
-85.368315,42.410569,6.2,2013-07-24 16:50:06+00,1,71,180,11.54,1,5,5648,F1: T1R4-East,L1: ,Wheat (Sft Rd Wtr),946.92
-85.368315,42.410553,6.9,2013-07-24 16:50:05+00,1,71,180,11.54,1,5,5648,F1: T1R4-East,L1: ,Wheat (Sft Rd Wtr),946.92
-85.368315,42.410536,7.5,2013-07-24 16:50:04+00,1,71,180,11.54,1,5,5648,F1: T1R4-East,L1: ,Wheat (Sft Rd Wtr),946.92
-85.368315,42.410519,6.7,2013-07-24 16:50:03+00,1,71,180,11.54,1,5,5648,F1: T1R4-East,L1: ,Wheat (Sft Rd Wtr),946.92
-85.368315,42.410503,6.7,2013-07-24 16:50:02+00,1,71,180,11.54,1,5,5648,F1: T1R4-East,L1: ,Wheat (Sft Rd Wtr),946.92
-85.368315,42.410486,6.6,2013-07-24 16:50:01+00,1,71,180,11.54,1,5,5648,F1: T1R4-East,L1: ,Wheat (Sft Rd Wtr),946.92
-85.368315,42.410469,8.1,2013-07-24 16:50:00+00,1,71,180,11.54,1,5,5648,F1: T1R4-East,L1: ,Wheat (Sft Rd Wtr),946.92
-85.368315,42.410453,7.4,2013-07-24 16:49:59+00,1,71,180,11.54,1,5,5648,F1: T1R4-East,L1: ,Wheat (Sft Rd Wtr),946.58
-85.368315,42.410436,6.7,2013-07-24 16:49:58+00,1,71,180,11.54,1,5,5648,F1: T1R4-East,L1: ,Wheat (Sft Rd Wtr),946.58
-85.368315,42.410419,8.6,2013-07-24 16:49:57+00,1,71,180,11.54,1,5,5648,F1: T1R4-East,L1: ,Wheat (Sft Rd Wtr),946.58
-85.368315,42.410403,7.7,2013-07-24 16:49:56+00,1,71,180,11.54,1,5,5648,F1: T1R4-East,L1: ,Wheat (Sft Rd Wtr),946.58
-85.368312,42.410386,7,2013-07-24 16:49:55+00,1,71,180,11.54,1,5,5648,F1: T1R4-East,L1: ,Wheat (Sft Rd Wtr),946.92
-85.368312,42.410369,7.8,2013-07-24 16:49:54+00,1,70,180,11.54,1,5,5648,F1: T1R4-East,L1: ,Wheat (Sft Rd Wtr),946.5
-85.368312,42.410353,7.4,2013-07-24 16:49:53+00,1,68,180,11.54,1,5,5648,F1: T1R4-East,L1: ,Wheat (Sft Rd Wtr),946.5
-85.368312,42.410336,6.9,2013-07-24 16:49:52+00,1,66,180,11.54,1,5,5648,F1: T1R4-East,L1: ,Wheat (Sft Rd Wtr),946.5
-85.368312,42.410319,7.8,2013-07-24 16:49:51+00,1,66,180,11.54,1,5,5648,F1: T1R4-East,L1: ,Wheat (Sft Rd Wtr),946.5
-85.368312,42.410306,6.5,2013-07-24 16:49:50+00,1,64,180,11.54,1,5,5648,F1: T1R4-East,L1: ,Wheat (Sft Rd Wtr),946.17
-85.368312,42.410289,7.1,2013-07-24 16:49:49+00,1,60,180,11.54,1,5,5648,F1: T1R4-East,L1: ,Wheat (Sft Rd Wtr),946.17
-85.368312,42.410275,6.6,2013-07-24 16:49:48+00,1,60,180,11.54,1,5,5648,F1: T1R4-East,L1: ,Wheat (Sft Rd Wtr),946.17
-85.368312,42.410261,5.7,2013-07-24 16:49:47+00,1,61,180,11.54,1,5,5648,F1: T1R4-East,L1: ,Wheat (Sft Rd Wtr),946.17
-85.368312,42.410247,4.7,2013-07-24 16:49:46+00,1,56,180,11.54,1,5,5648,F1: T1R4-East,L1: ,Wheat (Sft Rd Wtr),946.5
-85.368312,42.410233,3.4,2013-07-24 16:49:45+00,1,56,180,11.54,1,5,5648,F1: T1R4-East,L1: ,Wheat (Sft Rd Wtr),946.17
-85.36831,42.410222,2.7,2013-07-24 16:49:44+00,1,45,180,11.54,1,5,5648,F1: T1R4-East,L1: ,Wheat (Sft Rd Wtr),946.17
-85.36831,42.410211,2,2013-07-24 16:49:43+00,1,42,180,11.54,1,5,5648,F1: T1R4-East,L1: ,Wheat (Sft Rd Wtr),946.17
-85.36831,42.4102,2,2013-07-24 16:49:42+00,1,45,180,11.54,1,5,5648,F1: T1R4-East,L1: ,Wheat (Sft Rd Wtr),946.17
-85.368307,42.410189,2.2,2013-07-24 16:49:41+00,1,45,180,11.54,1,5,5648,F1: T1R4-East,L1: ,Wheat (Sft Rd Wtr),946.17
-85.368307,42.410181,2.2,2013-07-24 16:49:40+00,1,45,180,11.54,0,4,5648,F1: T1R4-East,L1: ,Wheat (Sft Rd Wtr),946.5
-85.368304,42.410169,2.2,2013-07-24 16:49:39+00,1,36,180,11.44,0,4,5648,F1: T1R4-East,L1: ,Wheat (Sft Rd Wtr),946.5
-85.368301,42.410161,2.2,2013-07-24 16:49:38+00,1,12,180,11.44,0,4,5648,F1: T1R4-East,L1: ,Wheat (Sft Rd Wtr),946.5
-85.368301,42.410158,2.4,2013-07-24 16:49:37+00,1,27,180,11.44,0,4,5648,F1: T1R4-East,L1: ,Wheat (Sft Rd Wtr),946.5
-85.368304,42.410164,1.3,2013-07-24 16:49:36+00,1,42,180,11.44,0,4,5648,F1: T1R4-East,L1: ,Wheat (Sft Rd Wtr),946.5
-85.36831,42.410172,1.7,2013-07-24 16:49:35+00,1,47,180,11.44,0,4,5648,F1: T1R4-East,L1: ,Wheat (Sft Rd Wtr),946.5
-85.368321,42.410181,2.2,2013-07-24 16:49:34+00,1,43,180,11.44,0,4,5648,F1: T1R4-East,L1: ,Wheat (Sft Rd Wtr),946.17
-85.368335,42.410186,0.6,2013-07-24 16:49:33+00,1,41,180,11.44,0,4,5648,F1: T1R4-East,L1: ,Wheat (Sft Rd Wtr),946.17
-85.368348,42.410189,0.6,2013-07-24 16:49:32+00,1,18,180,11.44,0,4,5648,F1: T1R4-East,L1: ,Wheat (Sft Rd Wtr),946.17
-85.368351,42.410189,0.8,2013-07-24 16:49:31+00,1,34,180,11.44,0,4,5648,F1: T1R4-East,L1: ,Wheat (Sft Rd Wtr),946.17
-85.368343,42.410186,0,2013-07-24 16:49:30+00,1,53,180,11.44,0,4,5648,F1: T1R4-East,L1: ,Wheat (Sft Rd Wtr),946.17
-85.368326,42.410186,0,2013-07-24 16:49:29+00,1,71,180,11.44,0,4,5648,F1: T1R4-East,L1: ,Wheat (Sft Rd Wtr),946.17
-85.368304,42.410189,1.9,2013-07-24 16:49:28+00,1,73,180,11.44,0,4,5648,F1: T1R4-East,L1: ,Wheat (Sft Rd Wtr),946.5
-85.368285,42.410197,2.6,2013-07-24 16:49:27+00,1,66,180,11.44,0,4,5648,F1: T1R4-East,L1: ,Wheat (Sft Rd Wtr),946.17
-85.368271,42.410211,3.2,2013-07-24 16:49:26+00,1,64,180,11.44,0,4,5648,F1: T1R4-East,L1: ,Wheat (Sft Rd Wtr),946.17
-85.368262,42.410225,5.7,2013-07-24 16:49:25+00,1,64,180,11.44,0,4,5648,F1: T1R4-East,L1: ,Wheat (Sft Rd Wtr),946.5
-85.36826,42.410239,8.7,2013-07-24 16:49:24+00,1,64,180,11.44,0,4,5648,F1: T1R4-East,L1: ,Wheat (Sft Rd Wtr),946.17
-85.36826,42.410253,7.6,2013-07-24 16:49:23+00,1,69,180,11.44,0,4,5648,F1: T1R4-East,L1: ,Wheat (Sft Rd Wtr),946.58
-85.36826,42.410269,7.5,2013-07-24 16:49:22+00,1,71,180,11.44,1,4,5648,F1: T1R4-East,L1: ,Wheat (Sft Rd Wtr),946.58
-85.368262,42.410286,8.1,2013-07-24 16:49:21+00,1,71,180,11.44,1,4,5648,F1: T1R4-East,L1: ,Wheat (Sft Rd Wtr),946.58
-85.368262,42.410303,7.1,2013-07-24 16:49:20+00,1,71,180,11.44,1,4,5648,F1: T1R4-East,L1: ,Wheat (Sft Rd Wtr),946.58
-85.368262,42.410319,8.1,2013-07-24 16:49:19+00,1,71,180,11.44,1,4,5648,F1: T1R4-East,L1: ,Wheat (Sft Rd Wtr),946.58
-85.368262,42.410336,8.6,2013-07-24 16:49:18+00,1,73,180,11.44,1,4,5648,F1: T1R4-East,L1: ,Wheat (Sft Rd Wtr),946.58
-85.368262,42.410353,7.4,2013-07-24 16:49:17+00,1,73,180,11.44,1,4,5648,F1: T1R4-East,L1: ,Wheat (Sft Rd Wtr),946.58
-85.368262,42.410369,8.6,2013-07-24 16:49:16+00,1,73,180,11.44,1,4,5648,F1: T1R4-East,L1: ,Wheat (Sft Rd Wtr),946.58
-85.368262,42.410386,7.8,2013-07-24 16:49:15+00,1,72,180,11.44,1,4,5648,F1: T1R4-East,L1: ,Wheat (Sft Rd Wtr),946.58
-85.368262,42.410406,8.9,2013-07-24 16:49:14+00,1,73,180,11.44,1,4,5648,F1: T1R4-East,L1: ,Wheat (Sft Rd Wtr),946.92
-85.368262,42.410422,8.9,2013-07-24 16:49:13+00,1,73,180,11.44,1,4,5648,F1: T1R4-East,L1: ,Wheat (Sft Rd Wtr),946.58
-85.368262,42.410439,7.5,2013-07-24 16:49:12+00,1,72,180,11.44,1,4,5648,F1: T1R4-East,L1: ,Wheat (Sft Rd Wtr),947
-85.368262,42.410456,8.2,2013-07-24 16:49:11+00,1,72,180,11.44,1,4,5648,F1: T1R4-East,L1: ,Wheat (Sft Rd Wtr),947
-85.368262,42.410475,9.6,2013-07-24 16:49:10+00,1,72,180,11.44,1,4,5648,F1: T1R4-East,L1: ,Wheat (Sft Rd Wtr),947
-85.368262,42.410492,7.2,2013-07-24 16:49:09+00,1,74,180,11.44,1,4,5648,F1: T1R4-East,L1: ,Wheat (Sft Rd Wtr),947
-85.368262,42.410508,7.9,2013-07-24 16:49:08+00,1,74,180,11.44,1,4,5648,F1: T1R4-East,L1: ,Wheat (Sft Rd Wtr),947
-85.368262,42.410525,8.9,2013-07-24 16:49:07+00,1,74,180,11.44,1,4,5648,F1: T1R4-East,L1: ,Wheat (Sft Rd Wtr),947
-85.368262,42.410544,7.4,2013-07-24 16:49:06+00,1,74,180,11.44,1,4,5648,F1: T1R4-East,L1: ,Wheat (Sft Rd Wtr),947
-85.368262,42.410561,7.9,2013-07-24 16:49:05+00,1,75,180,11.44,1,4,5648,F1: T1R4-East,L1: ,Wheat (Sft Rd Wtr),947
-85.368262,42.410578,6.7,2013-07-24 16:49:04+00,1,75,180,11.44,1,4,5648,F1: T1R4-East,L1: ,Wheat (Sft Rd Wtr),947.33
-85.368262,42.410597,7.7,2013-07-24 16:49:03+00,1,74,180,11.44,1,4,5648,F1: T1R4-East,L1: ,Wheat (Sft Rd Wtr),947.33
-85.368262,42.410614,8,2013-07-24 16:49:02+00,1,74,180,11.44,1,4,5648,F1: T1R4-East,L1: ,Wheat (Sft Rd Wtr),947.33
-85.368262,42.410631,6.4,2013-07-24 16:49:01+00,1,75,180,11.44,1,4,5648,F1: T1R4-East,L1: ,Wheat (Sft Rd Wtr),947.33
-85.368262,42.41065,7.1,2013-07-24 16:49:00+00,1,75,180,11.44,1,4,5648,F1: T1R4-East,L1: ,Wheat (Sft Rd Wtr),947.33
-85.368262,42.410667,7.1,2013-07-24 16:48:59+00,1,75,180,11.44,1,4,5648,F1: T1R4-East,L1: ,Wheat (Sft Rd Wtr),947.33
-85.368265,42.410683,6,2013-07-24 16:48:58+00,1,75,180,11.44,1,4,5648,F1: T1R4-East,L1: ,Wheat (Sft Rd Wtr),947.75
-85.368265,42.410703,6.8,2013-07-24 16:48:57+00,1,75,180,11.44,1,4,5648,F1: T1R4-East,L1: ,Wheat (Sft Rd Wtr),947.75
-85.368265,42.410719,7.4,2013-07-24 16:48:56+00,1,75,180,11.64,1,4,5648,F1: T1R4-East,L1: ,Wheat (Sft Rd Wtr),947.75
-85.368265,42.410739,7.3,2013-07-24 16:48:55+00,1,75,180,11.64,1,4,5648,F1: T1R4-East,L1: ,Wheat (Sft Rd Wtr),947.75
-85.368265,42.410756,7.7,2013-07-24 16:48:54+00,1,74,180,11.64,1,4,5648,F1: T1R4-East,L1: ,Wheat (Sft Rd Wtr),948.17
-85.368265,42.410775,6.5,2013-07-24 16:48:53+00,1,75,180,11.64,1,4,5648,F1: T1R4-East,L1: ,Wheat (Sft Rd Wtr),948.17
-85.368265,42.410792,7.9,2013-07-24 16:48:52+00,1,74,180,11.64,1,4,5648,F1: T1R4-East,L1: ,Wheat (Sft Rd Wtr),948.17
-85.368265,42.410808,7.6,2013-07-24 16:48:51+00,1,75,180,11.64,1,4,5648,F1: T1R4-East,L1: ,Wheat (Sft Rd Wtr),948.17
-85.368268,42.410828,6.5,2013-07-24 16:48:50+00,1,75,180,11.64,1,4,5648,F1: T1R4-East,L1: ,Wheat (Sft Rd Wtr),948.17
-85.368268,42.410844,7.3,2013-07-24 16:48:49+00,1,75,180,11.64,1,4,5648,F1: T1R4-East,L1: ,Wheat (Sft Rd Wtr),948.58
-85.368268,42.410861,7.9,2013-07-24 16:48:48+00,1,75,180,11.64,1,4,5648,F1: T1R4-East,L1: ,Wheat (Sft Rd Wtr),948.58
-85.368268,42.410881,7,2013-07-24 16:48:47+00,1,74,180,11.64,1,4,5648,F1: T1R4-East,L1: ,Wheat (Sft Rd Wtr),948.58
-85.368268,42.410897,7.5,2013-07-24 16:48:46+00,1,75,180,11.64,1,4,5648,F1: T1R4-East,L1: ,Wheat (Sft Rd Wtr),948.58
-85.368268,42.410917,7,2013-07-24 16:48:45+00,1,75,180,11.64,1,4,5648,F1: T1R4-East,L1: ,Wheat (Sft Rd Wtr),948.58
-85.368268,42.410933,8,2013-07-24 16:48:44+00,1,75,180,11.64,1,4,5648,F1: T1R4-East,L1: ,Wheat (Sft Rd Wtr),948.58
-85.368268,42.41095,7.9,2013-07-24 16:48:43+00,1,75,180,11.64,1,4,5648,F1: T1R4-East,L1: ,Wheat (Sft Rd Wtr),948.58
-85.368268,42.410969,6.8,2013-07-24 16:48:42+00,1,74,180,11.64,1,4,5648,F1: T1R4-East,L1: ,Wheat (Sft Rd Wtr),949
-85.368271,42.410986,7.5,2013-07-24 16:48:41+00,1,75,180,11.64,1,4,5648,F1: T1R4-East,L1: ,Wheat (Sft Rd Wtr),949
-85.368271,42.411003,6.6,2013-07-24 16:48:40+00,1,75,180,11.64,1,4,5648,F1: T1R4-East,L1: ,Wheat (Sft Rd Wtr),949
-85.368271,42.411022,5.7,2013-07-24 16:48:39+00,1,64,180,11.64,1,4,5648,F1: T1R4-East,L1: ,Wheat (Sft Rd Wtr),949.33
-85.368271,42.411036,6.4,2013-07-24 16:48:38+00,1,64,180,11.64,1,4,5648,F1: T1R4-East,L1: ,Wheat (Sft Rd Wtr),949
-85.368271,42.411053,6.1,2013-07-24 16:48:37+00,1,63,180,11.64,1,4,5648,F1: T1R4-East,L1: ,Wheat (Sft Rd Wtr),949
-85.368271,42.411067,4.7,2013-07-24 16:48:36+00,1,61,180,11.64,1,4,5648,F1: T1R4-East,L1: ,Wheat (Sft Rd Wtr),949
-85.368271,42.411083,5.2,2013-07-24 16:48:35+00,1,61,180,11.64,1,4,5648,F1: T1R4-East,L1: ,Wheat (Sft Rd Wtr),949
-85.368271,42.411097,4.2,2013-07-24 16:48:34+00,1,54,180,11.64,1,4,5648,F1: T1R4-East,L1: ,Wheat (Sft Rd Wtr),949.33
-85.368273,42.411108,3.7,2013-07-24 16:48:33+00,1,42,180,11.64,1,4,5648,F1: T1R4-East,L1: ,Wheat (Sft Rd Wtr),949
-85.368273,42.411117,3.7,2013-07-24 16:48:32+00,1,44,180,11.64,1,4,5648,F1: T1R4-East,L1: ,Wheat (Sft Rd Wtr),949
-85.368273,42.411128,2.9,2013-07-24 16:48:31+00,1,53,180,11.64,1,4,5648,F1: T1R4-East,L1: ,Wheat (Sft Rd Wtr),949
-85.368273,42.411142,3.4,2013-07-24 16:48:30+00,1,55,180,11.64,1,4,5648,F1: T1R4-East,L1: ,Wheat (Sft Rd Wtr),949.42
-85.368273,42.411153,2.3,2013-07-24 16:48:29+00,1,56,180,11.64,0,3,5648,F1: T1R4-East,L1: ,Wheat (Sft Rd Wtr),949.42
-85.368271,42.411167,2.1,2013-07-24 16:48:28+00,1,48,180,11.64,0,3,5648,F1: T1R4-East,L1: ,Wheat (Sft Rd Wtr),949.75
-85.368271,42.411178,1.8,2013-07-24 16:48:27+00,1,11,180,11.64,0,3,5648,F1: T1R4-East,L1: ,Wheat (Sft Rd Wtr),949.75
-85.368271,42.411178,3.2,2013-07-24 16:48:26+00,1,35,180,11.44,0,3,5648,F1: T1R4-East,L1: ,Wheat (Sft Rd Wtr),949.33
-85.368273,42.411169,3.4,2013-07-24 16:48:25+00,1,50,180,11.44,0,3,5648,F1: T1R4-East,L1: ,Wheat (Sft Rd Wtr),949.33
-85.368282,42.411158,3.9,2013-07-24 16:48:24+00,1,48,180,11.44,0,3,5648,F1: T1R4-East,L1: ,Wheat (Sft Rd Wtr),949.33
-85.36829,42.41115,2.5,2013-07-24 16:48:23+00,1,48,180,11.44,0,3,5648,F1: T1R4-East,L1: ,Wheat (Sft Rd Wtr),949.33
-85.368301,42.411142,3,2013-07-24 16:48:22+00,1,48,180,11.44,0,3,5648,F1: T1R4-East,L1: ,Wheat (Sft Rd Wtr),949.33
-85.368318,42.411136,2.3,2013-07-24 16:48:21+00,1,22,180,11.44,0,3,5648,F1: T1R4-East,L1: ,Wheat (Sft Rd Wtr),949
-85.368323,42.411136,0,2013-07-24 16:48:20+00,1,18,180,11.44,0,3,5648,F1: T1R4-East,L1: ,Wheat (Sft Rd Wtr),949
-85.368318,42.411139,0,2013-07-24 16:48:19+00,1,51,180,11.44,0,3,5648,F1: T1R4-East,L1: ,Wheat (Sft Rd Wtr),949
-85.368301,42.411142,0.4,2013-07-24 16:48:18+00,1,67,180,11.44,0,3,5648,F1: T1R4-East,L1: ,Wheat (Sft Rd Wtr),949.33
-85.368282,42.411142,0.6,2013-07-24 16:48:17+00,1,77,180,11.44,0,3,5648,F1: T1R4-East,L1: ,Wheat (Sft Rd Wtr),949.33
-85.368257,42.411139,1.5,2013-07-24 16:48:16+00,1,77,180,11.44,0,3,5648,F1: T1R4-East,L1: ,Wheat (Sft Rd Wtr),949.33
-85.36824,42.411128,2.4,2013-07-24 16:48:15+00,1,75,180,11.44,0,3,5648,F1: T1R4-East,L1: ,Wheat (Sft Rd Wtr),949.33
-85.368226,42.411117,3.4,2013-07-24 16:48:14+00,1,69,180,11.44,0,3,5648,F1: T1R4-East,L1: ,Wheat (Sft Rd Wtr),949.33
-85.368218,42.4111,7.1,2013-07-24 16:48:13+00,1,71,180,11.44,0,3,5648,F1: T1R4-East,L1: ,Wheat (Sft Rd Wtr),949.33
-85.368218,42.411083,8.6,2013-07-24 16:48:12+00,1,71,180,11.44,0,3,5648,F1: T1R4-East,L1: ,Wheat (Sft Rd Wtr),949.33
-85.368218,42.411067,8.9,2013-07-24 16:48:11+00,1,75,180,11.44,1,3,5648,F1: T1R4-East,L1: ,Wheat (Sft Rd Wtr),949.33
-85.368215,42.41105,8.1,2013-07-24 16:48:10+00,1,75,180,11.44,1,3,5648,F1: T1R4-East,L1: ,Wheat (Sft Rd Wtr),949.33
-85.368215,42.411031,6.5,2013-07-24 16:48:09+00,1,75,180,11.44,1,3,5648,F1: T1R4-East,L1: ,Wheat (Sft Rd Wtr),949.33
-85.368215,42.411014,5.4,2013-07-24 16:48:08+00,1,75,180,11.44,1,3,5648,F1: T1R4-East,L1: ,Wheat (Sft Rd Wtr),949.33
-85.368215,42.410994,6.2,2013-07-24 16:48:07+00,1,75,180,11.44,1,3,5648,F1: T1R4-East,L1: ,Wheat (Sft Rd Wtr),949.33
-85.368215,42.410978,6.1,2013-07-24 16:48:06+00,1,75,180,11.44,1,3,5648,F1: T1R4-East,L1: ,Wheat (Sft Rd Wtr),948.92
-85.368215,42.410961,7.2,2013-07-24 16:48:05+00,1,75,180,11.44,1,3,5648,F1: T1R4-East,L1: ,Wheat (Sft Rd Wtr),948.92
-85.368215,42.410942,7.4,2013-07-24 16:48:04+00,1,74,180,11.44,1,3,5648,F1: T1R4-East,L1: ,Wheat (Sft Rd Wtr),948.92
-85.368212,42.410925,8,2013-07-24 16:48:03+00,1,75,180,11.44,1,3,5648,F1: T1R4-East,L1: ,Wheat (Sft Rd Wtr),948.92
-85.368212,42.410908,8.1,2013-07-24 16:48:02+00,1,75,180,11.44,1,3,5648,F1: T1R4-East,L1: ,Wheat (Sft Rd Wtr),948.92
-85.368212,42.410889,6.7,2013-07-24 16:48:01+00,1,75,180,11.44,1,3,5648,F1: T1R4-East,L1: ,Wheat (Sft Rd Wtr),948.92
-85.368212,42.410872,7.6,2013-07-24 16:48:00+00,1,75,180,11.44,1,3,5648,F1: T1R4-East,L1: ,Wheat (Sft Rd Wtr),948.5
-85.368212,42.410853,6.8,2013-07-24 16:47:59+00,1,75,180,11.44,1,3,5648,F1: T1R4-East,L1: ,Wheat (Sft Rd Wtr),948.5
-85.368212,42.410836,7.5,2013-07-24 16:47:58+00,1,75,180,11.44,1,3,5648,F1: T1R4-East,L1: ,Wheat (Sft Rd Wtr),948.5
-85.368212,42.410819,7.2,2013-07-24 16:47:57+00,1,74,180,11.44,1,3,5648,F1: T1R4-East,L1: ,Wheat (Sft Rd Wtr),948.5
-85.368212,42.4108,6.9,2013-07-24 16:47:56+00,1,75,180,11.44,1,3,5648,F1: T1R4-East,L1: ,Wheat (Sft Rd Wtr),948.5
-85.368212,42.410783,7.7,2013-07-24 16:47:55+00,1,75,180,11.44,1,3,5648,F1: T1R4-East,L1: ,Wheat (Sft Rd Wtr),948.5
-85.36821,42.410764,8.7,2013-07-24 16:47:54+00,1,75,180,11.44,1,3,5648,F1: T1R4-East,L1: ,Wheat (Sft Rd Wtr),948.5
-85.36821,42.410747,7.3,2013-07-24 16:47:53+00,1,74,180,11.44,1,3,5648,F1: T1R4-East,L1: ,Wheat (Sft Rd Wtr),948.08
-85.36821,42.410731,7.5,2013-07-24 16:47:52+00,1,75,180,11.44,1,3,5648,F1: T1R4-East,L1: ,Wheat (Sft Rd Wtr),948.08
-85.36821,42.410711,8.2,2013-07-24 16:47:51+00,1,75,180,11.44,1,3,5648,F1: T1R4-East,L1: ,Wheat (Sft Rd Wtr),948.08
-85.36821,42.410694,7.1,2013-07-24 16:47:50+00,1,75,180,11.44,1,3,5648,F1: T1R4-East,L1: ,Wheat (Sft Rd Wtr),948.08
-85.36821,42.410678,8.5,2013-07-24 16:47:49+00,1,75,180,11.44,1,3,5648,F1: T1R4-East,L1: ,Wheat (Sft Rd Wtr),947.67
-85.36821,42.410658,7.4,2013-07-24 16:47:48+00,1,75,180,11.44,1,3,5648,F1: T1R4-East,L1: ,Wheat (Sft Rd Wtr),947.67
-85.36821,42.410642,9.2,2013-07-24 16:47:47+00,1,74,180,11.44,1,3,5648,F1: T1R4-East,L1: ,Wheat (Sft Rd Wtr),947.67
-85.36821,42.410625,9,2013-07-24 16:47:46+00,1,75,180,11.44,1,3,5648,F1: T1R4-East,L1: ,Wheat (Sft Rd Wtr),947.33
-85.36821,42.410606,7.7,2013-07-24 16:47:45+00,1,75,180,11.44,1,3,5648,F1: T1R4-East,L1: ,Wheat (Sft Rd Wtr),947.67
-85.36821,42.410589,8.4,2013-07-24 16:47:44+00,1,74,180,11.44,1,3,5648,F1: T1R4-East,L1: ,Wheat (Sft Rd Wtr),947.25
-85.36821,42.410572,9.3,2013-07-24 16:47:43+00,1,75,180,11.44,1,3,5648,F1: T1R4-East,L1: ,Wheat (Sft Rd Wtr),947.25
-85.36821,42.410553,7.7,2013-07-24 16:47:42+00,1,75,180,11.44,1,3,5648,F1: T1R4-East,L1: ,Wheat (Sft Rd Wtr),947.25
-85.36821,42.410536,8.5,2013-07-24 16:47:41+00,1,74,180,11.44,1,3,5648,F1: T1R4-East,L1: ,Wheat (Sft Rd Wtr),947.25
-85.36821,42.410519,8.5,2013-07-24 16:47:40+00,1,75,180,11.44,1,3,5648,F1: T1R4-East,L1: ,Wheat (Sft Rd Wtr),947.25
-85.36821,42.4105,8.1,2013-07-24 16:47:39+00,1,75,180,11.44,1,3,5648,F1: T1R4-East,L1: ,Wheat (Sft Rd Wtr),947.25
-85.36821,42.410483,8.1,2013-07-24 16:47:38+00,1,73,180,11.44,1,3,5648,F1: T1R4-East,L1: ,Wheat (Sft Rd Wtr),947.25
-85.36821,42.410467,7.3,2013-07-24 16:47:37+00,1,73,180,11.44,1,3,5648,F1: T1R4-East,L1: ,Wheat (Sft Rd Wtr),947.25
-85.36821,42.410447,8.6,2013-07-24 16:47:36+00,1,73,180,11.74,1,3,5648,F1: T1R4-East,L1: ,Wheat (Sft Rd Wtr),947.25
-85.36821,42.410431,8.3,2013-07-24 16:47:35+00,1,73,180,11.74,1,3,5648,F1: T1R4-East,L1: ,Wheat (Sft Rd Wtr),947.25
-85.36821,42.410414,7.7,2013-07-24 16:47:34+00,1,73,180,11.74,1,3,5648,F1: T1R4-East,L1: ,Wheat (Sft Rd Wtr),947.25
-85.36821,42.410394,8.9,2013-07-24 16:47:33+00,1,73,180,11.74,1,3,5648,F1: T1R4-East,L1: ,Wheat (Sft Rd Wtr),947
-85.36821,42.410378,8.9,2013-07-24 16:47:32+00,1,73,180,11.74,1,3,5648,F1: T1R4-East,L1: ,Wheat (Sft Rd Wtr),947.25
-85.36821,42.410361,7.2,2013-07-24 16:47:31+00,1,73,180,11.74,1,3,5648,F1: T1R4-East,L1: ,Wheat (Sft Rd Wtr),947
-85.36821,42.410342,8.2,2013-07-24 16:47:30+00,1,70,180,11.74,1,3,5648,F1: T1R4-East,L1: ,Wheat (Sft Rd Wtr),947
-85.36821,42.410328,7.3,2013-07-24 16:47:29+00,1,70,180,11.74,1,3,5648,F1: T1R4-East,L1: ,Wheat (Sft Rd Wtr),947
-85.36821,42.410311,8.4,2013-07-24 16:47:28+00,1,66,180,11.74,1,3,5648,F1: T1R4-East,L1: ,Wheat (Sft Rd Wtr),947
-85.36821,42.410294,7.7,2013-07-24 16:47:27+00,1,64,180,11.74,1,3,5648,F1: T1R4-East,L1: ,Wheat (Sft Rd Wtr),947
-85.36821,42.410281,6.7,2013-07-24 16:47:26+00,1,64,180,11.74,1,3,5648,F1: T1R4-East,L1: ,Wheat (Sft Rd Wtr),947
-85.368207,42.410264,6.8,2013-07-24 16:47:25+00,1,57,180,11.74,1,3,5648,F1: T1R4-East,L1: ,Wheat (Sft Rd Wtr),947
-85.368207,42.410253,4.9,2013-07-24 16:47:24+00,1,54,180,11.74,1,3,5648,F1: T1R4-East,L1: ,Wheat (Sft Rd Wtr),947
-85.368207,42.410239,3.9,2013-07-24 16:47:23+00,1,54,180,11.74,1,3,5648,F1: T1R4-East,L1: ,Wheat (Sft Rd Wtr),947
-85.368207,42.410225,3.3,2013-07-24 16:47:22+00,1,54,180,11.74,1,3,5648,F1: T1R4-East,L1: ,Wheat (Sft Rd Wtr),947
-85.368207,42.410211,2.7,2013-07-24 16:47:21+00,1,43,180,11.74,1,3,5648,F1: T1R4-East,L1: ,Wheat (Sft Rd Wtr),947
-85.368207,42.410203,2.1,2013-07-24 16:47:20+00,1,39,180,11.74,1,3,5648,F1: T1R4-East,L1: ,Wheat (Sft Rd Wtr),947
-85.368207,42.410194,2,2013-07-24 16:47:19+00,1,40,180,11.74,1,3,5648,F1: T1R4-East,L1: ,Wheat (Sft Rd Wtr),947
-85.368207,42.410183,1.9,2013-07-24 16:47:18+00,1,39,180,11.74,0,2,5648,F1: T1R4-East,L1: ,Wheat (Sft Rd Wtr),947
-85.368204,42.410175,2.2,2013-07-24 16:47:17+00,1,40,180,11.74,0,2,5648,F1: T1R4-East,L1: ,Wheat (Sft Rd Wtr),947.33
-85.368201,42.410164,2.3,2013-07-24 16:47:16+00,1,36,180,11.74,0,2,5648,F1: T1R4-East,L1: ,Wheat (Sft Rd Wtr),947.33
-85.368198,42.410156,2.6,2013-07-24 16:47:15+00,1,21,180,11.64,0,2,5648,F1: T1R4-East,L1: ,Wheat (Sft Rd Wtr),947.33
-85.368196,42.410156,2.4,2013-07-24 16:47:14+00,1,23,180,11.64,0,2,5648,F1: T1R4-East,L1: ,Wheat (Sft Rd Wtr),947.67
-85.368201,42.410161,2.3,2013-07-24 16:47:13+00,1,51,180,11.64,0,2,5648,F1: T1R4-East,L1: ,Wheat (Sft Rd Wtr),947.25
-85.36821,42.410169,2.4,2013-07-24 16:47:12+00,1,54,180,11.64,0,2,5648,F1: T1R4-East,L1: ,Wheat (Sft Rd Wtr),947
-85.368223,42.410178,1.7,2013-07-24 16:47:11+00,1,50,180,11.64,0,2,5648,F1: T1R4-East,L1: ,Wheat (Sft Rd Wtr),947
-85.36824,42.410181,2,2013-07-24 16:47:10+00,1,29,180,11.64,0,2,5648,F1: T1R4-East,L1: ,Wheat (Sft Rd Wtr),947
-85.368246,42.410181,1.3,2013-07-24 16:47:09+00,1,11,180,11.64,0,2,5648,F1: T1R4-East,L1: ,Wheat (Sft Rd Wtr),947
-85.368243,42.410181,2.3,2013-07-24 16:47:08+00,1,46,180,11.64,0,2,5648,F1: T1R4-East,L1: ,Wheat (Sft Rd Wtr),947
-85.368226,42.410181,0.8,2013-07-24 16:47:07+00,1,58,180,11.64,0,2,5648,F1: T1R4-East,L1: ,Wheat (Sft Rd Wtr),947
-85.36821,42.410181,0,2013-07-24 16:47:06+00,1,67,180,11.64,0,2,5648,F1: T1R4-East,L1: ,Wheat (Sft Rd Wtr),947
-85.36819,42.410186,1.9,2013-07-24 16:47:05+00,1,68,180,11.64,0,2,5648,F1: T1R4-East,L1: ,Wheat (Sft Rd Wtr),947
-85.368171,42.410194,2.8,2013-07-24 16:47:04+00,1,66,180,11.64,0,2,5648,F1: T1R4-East,L1: ,Wheat (Sft Rd Wtr),947
-85.36816,42.410208,2.5,2013-07-24 16:47:03+00,1,59,180,11.64,0,2,5648,F1: T1R4-East,L1: ,Wheat (Sft Rd Wtr),947
-85.368157,42.410222,4.1,2013-07-24 16:47:02+00,1,47,180,11.64,0,2,5648,F1: T1R4-East,L1: ,Wheat (Sft Rd Wtr),947
-85.368157,42.410233,4.9,2013-07-24 16:47:01+00,1,46,180,11.64,0,2,5648,F1: T1R4-East,L1: ,Wheat (Sft Rd Wtr),947
-85.368157,42.410244,6,2013-07-24 16:47:00+00,1,46,180,11.64,0,2,5648,F1: T1R4-East,L1: ,Wheat (Sft Rd Wtr),947
-85.368157,42.410253,6,2013-07-24 16:46:59+00,1,53,180,11.64,1,2,5648,F1: T1R4-East,L1: ,Wheat (Sft Rd Wtr),947
-85.368157,42.410267,6.1,2013-07-24 16:46:58+00,1,58,180,11.64,1,2,5648,F1: T1R4-East,L1: ,Wheat (Sft Rd Wtr),947
-85.368157,42.410281,6.8,2013-07-24 16:46:57+00,1,65,180,11.64,1,2,5648,F1: T1R4-East,L1: ,Wheat (Sft Rd Wtr),947
-85.368157,42.410294,6.2,2013-07-24 16:46:56+00,1,69,180,11.64,1,2,5648,F1: T1R4-East,L1: ,Wheat (Sft Rd Wtr),947
-85.368157,42.410311,7.8,2013-07-24 16:46:55+00,1,70,180,11.64,1,2,5648,F1: T1R4-East,L1: ,Wheat (Sft Rd Wtr),947
-85.368157,42.410328,8.1,2013-07-24 16:46:54+00,1,69,180,11.64,1,2,5648,F1: T1R4-East,L1: ,Wheat (Sft Rd Wtr),947
-85.368157,42.410344,7.4,2013-07-24 16:46:53+00,1,70,180,11.64,1,2,5648,F1: T1R4-East,L1: ,Wheat (Sft Rd Wtr),947
-85.368157,42.410361,9.2,2013-07-24 16:46:52+00,1,69,180,11.64,1,2,5648,F1: T1R4-East,L1: ,Wheat (Sft Rd Wtr),947
-85.368157,42.410378,8.1,2013-07-24 16:46:51+00,1,69,180,11.64,1,2,5648,F1: T1R4-East,L1: ,Wheat (Sft Rd Wtr),947
-85.368157,42.410394,8,2013-07-24 16:46:50+00,1,70,180,11.64,1,2,5648,F1: T1R4-East,L1: ,Wheat (Sft Rd Wtr),947
-85.368157,42.410411,8.5,2013-07-24 16:46:49+00,1,69,180,11.64,1,2,5648,F1: T1R4-East,L1: ,Wheat (Sft Rd Wtr),947
-85.368157,42.410425,7.8,2013-07-24 16:46:48+00,1,71,180,11.64,1,2,5648,F1: T1R4-East,L1: ,Wheat (Sft Rd Wtr),947.25
-85.368157,42.410442,7.8,2013-07-24 16:46:47+00,1,71,180,11.64,1,2,5648,F1: T1R4-East,L1: ,Wheat (Sft Rd Wtr),947
-85.368157,42.410458,7.7,2013-07-24 16:46:46+00,1,71,180,11.64,1,2,5648,F1: T1R4-East,L1: ,Wheat (Sft Rd Wtr),947.25
-85.368157,42.410475,6.8,2013-07-24 16:46:45+00,1,71,180,11.64,1,2,5648,F1: T1R4-East,L1: ,Wheat (Sft Rd Wtr),947.25
-85.368157,42.410494,8.6,2013-07-24 16:46:44+00,1,71,180,11.64,1,2,5648,F1: T1R4-East,L1: ,Wheat (Sft Rd Wtr),947
-85.368157,42.410508,7.5,2013-07-24 16:46:43+00,1,71,180,11.64,1,2,5648,F1: T1R4-East,L1: ,Wheat (Sft Rd Wtr),947.33
-85.368157,42.410525,6.9,2013-07-24 16:46:42+00,1,71,180,11.64,1,2,5648,F1: T1R4-East,L1: ,Wheat (Sft Rd Wtr),947.33
-85.368157,42.410542,8.4,2013-07-24 16:46:41+00,1,71,180,11.64,1,2,5648,F1: T1R4-East,L1: ,Wheat (Sft Rd Wtr),947.33
-85.368157,42.410558,7.3,2013-07-24 16:46:40+00,1,71,180,11.64,1,2,5648,F1: T1R4-East,L1: ,Wheat (Sft Rd Wtr),947.33
-85.368157,42.410575,7.4,2013-07-24 16:46:39+00,1,71,180,11.64,1,2,5648,F1: T1R4-East,L1: ,Wheat (Sft Rd Wtr),947.33
-85.368157,42.410592,8.7,2013-07-24 16:46:38+00,1,71,180,11.64,1,2,5648,F1: T1R4-East,L1: ,Wheat (Sft Rd Wtr),947.33
-85.368157,42.410608,7.4,2013-07-24 16:46:37+00,1,71,180,11.64,1,2,5648,F1: T1R4-East,L1: ,Wheat (Sft Rd Wtr),947.33
-85.36816,42.410625,7.1,2013-07-24 16:46:36+00,1,71,180,11.64,1,2,5648,F1: T1R4-East,L1: ,Wheat (Sft Rd Wtr),947.33
-85.36816,42.410642,6.9,2013-07-24 16:46:35+00,1,71,180,11.64,1,2,5648,F1: T1R4-East,L1: ,Wheat (Sft Rd Wtr),947.75
-85.36816,42.410658,6.3,2013-07-24 16:46:34+00,1,71,180,11.64,1,2,5648,F1: T1R4-East,L1: ,Wheat (Sft Rd Wtr),947.75
-85.36816,42.410678,7.1,2013-07-24 16:46:33+00,1,71,180,11.64,1,2,5648,F1: T1R4-East,L1: ,Wheat (Sft Rd Wtr),947.75
-85.36816,42.410694,6.2,2013-07-24 16:46:32+00,1,71,180,11.64,1,2,5648,F1: T1R4-East,L1: ,Wheat (Sft Rd Wtr),947.75
-85.36816,42.410711,5.8,2013-07-24 16:46:31+00,1,71,180,11.64,1,2,5648,F1: T1R4-East,L1: ,Wheat (Sft Rd Wtr),948.17
-85.36816,42.410728,6.7,2013-07-24 16:46:30+00,1,71,180,11.64,1,2,5648,F1: T1R4-East,L1: ,Wheat (Sft Rd Wtr),948.17
-85.36816,42.410744,6.3,2013-07-24 16:46:29+00,1,71,180,11.64,1,2,5648,F1: T1R4-East,L1: ,Wheat (Sft Rd Wtr),948.17
-85.36816,42.410761,6.3,2013-07-24 16:46:28+00,1,71,180,11.84,1,2,5648,F1: T1R4-East,L1: ,Wheat (Sft Rd Wtr),948.58
-85.36816,42.410778,6.6,2013-07-24 16:46:27+00,1,71,180,11.84,1,2,5648,F1: T1R4-East,L1: ,Wheat (Sft Rd Wtr),948.58
-85.368162,42.410794,5.8,2013-07-24 16:46:26+00,1,71,180,11.84,1,2,5648,F1: T1R4-East,L1: ,Wheat (Sft Rd Wtr),948.58
-85.368162,42.410814,6.5,2013-07-24 16:46:25+00,1,71,180,11.84,1,2,5648,F1: T1R4-East,L1: ,Wheat (Sft Rd Wtr),948.58
-85.368162,42.410831,6.7,2013-07-24 16:46:24+00,1,71,180,11.84,1,2,5648,F1: T1R4-East,L1: ,Wheat (Sft Rd Wtr),948.58
-85.368162,42.410847,5.9,2013-07-24 16:46:23+00,1,70,180,11.84,1,2,5648,F1: T1R4-East,L1: ,Wheat (Sft Rd Wtr),949
-85.368162,42.410864,6.7,2013-07-24 16:46:22+00,1,67,180,11.84,1,2,5648,F1: T1R4-East,L1: ,Wheat (Sft Rd Wtr),949
-85.368162,42.410881,5.7,2013-07-24 16:46:21+00,1,68,180,11.84,1,2,5648,F1: T1R4-East,L1: ,Wheat (Sft Rd Wtr),949
-85.368162,42.410894,6.4,2013-07-24 16:46:20+00,1,68,180,11.84,1,2,5648,F1: T1R4-East,L1: ,Wheat (Sft Rd Wtr),949
-85.368162,42.410911,6.4,2013-07-24 16:46:19+00,1,68,180,11.84,1,2,5648,F1: T1R4-East,L1: ,Wheat (Sft Rd Wtr),949.42
-85.368162,42.410928,6.4,2013-07-24 16:46:18+00,1,68,180,11.84,1,2,5648,F1: T1R4-East,L1: ,Wheat (Sft Rd Wtr),949.42
-85.368162,42.410944,6.8,2013-07-24 16:46:17+00,1,68,180,11.84,1,2,5648,F1: T1R4-East,L1: ,Wheat (Sft Rd Wtr),949.42
-85.368165,42.410958,7.2,2013-07-24 16:46:16+00,1,68,180,11.84,1,2,5648,F1: T1R4-East,L1: ,Wheat (Sft Rd Wtr),949.42
-85.368165,42.410975,6.7,2013-07-24 16:46:15+00,1,66,180,11.84,1,2,5648,F1: T1R4-East,L1: ,Wheat (Sft Rd Wtr),949.42
-85.368165,42.410992,7.2,2013-07-24 16:46:14+00,1,66,180,11.84,1,2,5648,F1: T1R4-East,L1: ,Wheat (Sft Rd Wtr),949.42
-85.368165,42.411008,6.7,2013-07-24 16:46:13+00,1,66,180,11.84,1,2,5648,F1: T1R4-East,L1: ,Wheat (Sft Rd Wtr),949.42
-85.368165,42.411022,6.7,2013-07-24 16:46:12+00,1,64,180,11.84,1,2,5648,F1: T1R4-East,L1: ,Wheat (Sft Rd Wtr),949.42
-85.368165,42.411039,6.6,2013-07-24 16:46:11+00,1,59,180,11.84,1,2,5648,F1: T1R4-East,L1: ,Wheat (Sft Rd Wtr),949.75
-85.368165,42.411053,6,2013-07-24 16:46:10+00,1,54,180,11.84,1,2,5648,F1: T1R4-East,L1: ,Wheat (Sft Rd Wtr),949.75
-85.368165,42.411067,8.5,2013-07-24 16:46:09+00,1,43,180,11.84,1,2,5648,F1: T1R4-East,L1: ,Wheat (Sft Rd Wtr),949.42
-85.368168,42.411075,6.6,2013-07-24 16:46:08+00,1,39,180,11.84,1,2,5648,F1: T1R4-East,L1: ,Wheat (Sft Rd Wtr),949.75
-85.368168,42.411083,5.4,2013-07-24 16:46:07+00,1,68,180,11.84,1,2,5648,F1: T1R4-East,L1: ,Wheat (Sft Rd Wtr),949.42
-85.368168,42.4111,6.4,2013-07-24 16:46:06+00,1,56,180,11.84,1,2,5648,F1: T1R4-East,L1: ,Wheat (Sft Rd Wtr),949.75
-85.368168,42.411114,5.6,2013-07-24 16:46:05+00,1,40,180,11.84,1,2,5648,F1: T1R4-East,L1: ,Wheat (Sft Rd Wtr),949.42
-85.368168,42.411122,4.8,2013-07-24 16:46:04+00,1,34,180,11.84,1,2,5648,F1: T1R4-East,L1: ,Wheat (Sft Rd Wtr),949.42
-85.368168,42.411128,2.2,2013-07-24 16:46:03+00,1,42,180,11.84,1,2,5648,F1: T1R4-East,L1: ,Wheat (Sft Rd Wtr),949.42
-85.368168,42.411142,2.5,2013-07-24 16:46:02+00,1,56,180,11.84,0,1,5648,F1: T1R4-East,L1: ,Wheat (Sft Rd Wtr),949.75
-85.368168,42.411153,0,2013-07-24 16:46:01+00,1,56,180,11.84,0,1,5648,F1: T1R4-East,L1: ,Wheat (Sft Rd Wtr),949.75
-85.368162,42.411167,3.9,2013-07-24 16:46:00+00,1,33,180,11.84,0,1,5648,F1: T1R4-East,L1: ,Wheat (Sft Rd Wtr),949.42
-85.368162,42.411172,2.4,2013-07-24 16:45:59+00,1,23,180,11.84,0,1,5648,F1: T1R4-East,L1: ,Wheat (Sft Rd Wtr),949.42
-85.368165,42.411167,2.4,2013-07-24 16:45:58+00,1,53,180,11.84,0,1,5648,F1: T1R4-East,L1: ,Wheat (Sft Rd Wtr),949.83
-85.368173,42.411156,2.5,2013-07-24 16:45:57+00,1,54,180,11.84,0,1,5648,F1: T1R4-East,L1: ,Wheat (Sft Rd Wtr),949.83
-85.368185,42.411147,4.2,2013-07-24 16:45:56+00,1,50,180,11.84,0,1,5648,F1: T1R4-East,L1: ,Wheat (Sft Rd Wtr),950.17
-85.368201,42.411139,3.8,2013-07-24 16:45:55+00,1,38,180,11.84,0,1,5648,F1: T1R4-East,L1: ,Wheat (Sft Rd Wtr),949.75
-85.368212,42.411136,3.7,2013-07-24 16:45:54+00,1,12,180,11.84,0,1,5648,F1: T1R4-East,L1: ,Wheat (Sft Rd Wtr),949.42
-85.368212,42.411136,2.1,2013-07-24 16:45:53+00,1,39,180,11.84,0,1,5648,F1: T1R4-East,L1: ,Wheat (Sft Rd Wtr),949.42
-85.368198,42.411142,0.8,2013-07-24 16:45:52+00,1,57,180,11.84,0,1,5648,F1: T1R4-East,L1: ,Wheat (Sft Rd Wtr),949.83
-85.368185,42.411142,1,2013-07-24 16:45:51+00,1,78,180,11.84,0,1,5648,F1: T1R4-East,L1: ,Wheat (Sft Rd Wtr),949.83
-85.36816,42.411139,2,2013-07-24 16:45:50+00,1,78,180,11.84,0,1,5648,F1: T1R4-East,L1: ,Wheat (Sft Rd Wtr),949.83
-85.368137,42.411131,2.9,2013-07-24 16:45:49+00,1,75,180,11.84,0,1,5648,F1: T1R4-East,L1: ,Wheat (Sft Rd Wtr),950.17
-85.368121,42.411117,3.5,2013-07-24 16:45:48+00,1,64,180,11.84,0,1,5648,F1: T1R4-East,L1: ,Wheat (Sft Rd Wtr),949.83
-85.368115,42.411103,5.3,2013-07-24 16:45:47+00,1,57,180,11.84,0,1,5648,F1: T1R4-East,L1: ,Wheat (Sft Rd Wtr),950.17
-85.368112,42.411089,8.1,2013-07-24 16:45:46+00,1,57,180,11.84,0,1,5648,F1: T1R4-East,L1: ,Wheat (Sft Rd Wtr),949.75
-85.36811,42.411078,7.2,2013-07-24 16:45:45+00,1,60,180,11.84,0,1,5648,F1: T1R4-East,L1: ,Wheat (Sft Rd Wtr),949.75
-85.36811,42.411064,8.7,2013-07-24 16:45:44+00,1,65,180,11.84,1,1,5648,F1: T1R4-East,L1: ,Wheat (Sft Rd Wtr),949.75
-85.36811,42.411047,6.8,2013-07-24 16:45:43+00,1,65,180,11.84,1,1,5648,F1: T1R4-East,L1: ,Wheat (Sft Rd Wtr),949.75
-85.36811,42.411031,6.1,2013-07-24 16:45:42+00,1,66,180,11.84,1,1,5648,F1: T1R4-East,L1: ,Wheat (Sft Rd Wtr),949.75
-85.36811,42.411017,6.3,2013-07-24 16:45:41+00,1,66,180,11.84,1,1,5648,F1: T1R4-East,L1: ,Wheat (Sft Rd Wtr),949.75
-85.36811,42.411,5.5,2013-07-24 16:45:40+00,1,64,180,11.84,1,1,5648,F1: T1R4-East,L1: ,Wheat (Sft Rd Wtr),949.75
-85.36811,42.410986,7,2013-07-24 16:45:39+00,1,64,180,11.84,1,1,5648,F1: T1R4-East,L1: ,Wheat (Sft Rd Wtr),949.75
-85.36811,42.410969,6.6,2013-07-24 16:45:38+00,1,64,180,11.84,1,1,5648,F1: T1R4-East,L1: ,Wheat (Sft Rd Wtr),949.75
-85.36811,42.410956,6.6,2013-07-24 16:45:37+00,1,64,180,11.84,1,1,5648,F1: T1R4-East,L1: ,Wheat (Sft Rd Wtr),949.42
-85.36811,42.410939,6.9,2013-07-24 16:45:36+00,1,64,180,11.84,1,1,5648,F1: T1R4-East,L1: ,Wheat (Sft Rd Wtr),949.75
-85.36811,42.410922,6.1,2013-07-24 16:45:35+00,1,64,180,11.84,1,1,5648,F1: T1R4-East,L1: ,Wheat (Sft Rd Wtr),949.75
-85.36811,42.410908,6.2,2013-07-24 16:45:34+00,1,64,180,11.84,1,1,5648,F1: T1R4-East,L1: ,Wheat (Sft Rd Wtr),949.33
-85.36811,42.410892,6.6,2013-07-24 16:45:33+00,1,64,180,11.84,1,1,5648,F1: T1R4-East,L1: ,Wheat (Sft Rd Wtr),949.33
-85.368107,42.410878,5.6,2013-07-24 16:45:32+00,1,64,180,11.84,1,1,5648,F1: T1R4-East,L1: ,Wheat (Sft Rd Wtr),949.33
-85.368107,42.410864,6.1,2013-07-24 16:45:31+00,1,64,180,11.84,1,1,5648,F1: T1R4-East,L1: ,Wheat (Sft Rd Wtr),949.33
-85.368107,42.410847,5.9,2013-07-24 16:45:30+00,1,64,180,11.84,1,1,5648,F1: T1R4-East,L1: ,Wheat (Sft Rd Wtr),949.33
-85.368107,42.410833,5.8,2013-07-24 16:45:29+00,1,64,180,11.84,1,1,5648,F1: T1R4-East,L1: ,Wheat (Sft Rd Wtr),949.33
-85.368107,42.410817,6.6,2013-07-24 16:45:28+00,1,64,180,11.84,1,1,5648,F1: T1R4-East,L1: ,Wheat (Sft Rd Wtr),949.33
-85.368107,42.410803,5.8,2013-07-24 16:45:27+00,1,64,180,11.84,1,1,5648,F1: T1R4-East,L1: ,Wheat (Sft Rd Wtr),948.92
-85.368107,42.410789,6,2013-07-24 16:45:26+00,1,64,180,11.84,1,1,5648,F1: T1R4-East,L1: ,Wheat (Sft Rd Wtr),948.92
-85.368107,42.410772,6,2013-07-24 16:45:25+00,1,64,180,11.84,1,1,5648,F1: T1R4-East,L1: ,Wheat (Sft Rd Wtr),948.92
-85.368107,42.410758,5.7,2013-07-24 16:45:24+00,1,64,180,11.84,1,1,5648,F1: T1R4-East,L1: ,Wheat (Sft Rd Wtr),948.92
-85.368104,42.410742,5.8,2013-07-24 16:45:23+00,1,64,180,11.84,1,1,5648,F1: T1R4-East,L1: ,Wheat (Sft Rd Wtr),948.92
-85.368104,42.410728,6.4,2013-07-24 16:45:22+00,1,64,180,11.84,1,1,5648,F1: T1R4-East,L1: ,Wheat (Sft Rd Wtr),948.5
-85.368104,42.410711,5.7,2013-07-24 16:45:21+00,1,64,180,11.84,1,1,5648,F1: T1R4-East,L1: ,Wheat (Sft Rd Wtr),948.5
-85.368104,42.410697,6.4,2013-07-24 16:45:20+00,1,64,180,11.84,1,1,5648,F1: T1R4-East,L1: ,Wheat (Sft Rd Wtr),948.5
-85.368104,42.410683,6.5,2013-07-24 16:45:19+00,1,64,180,11.84,1,1,5648,F1: T1R4-East,L1: ,Wheat (Sft Rd Wtr),948.5
-85.368104,42.410667,5.8,2013-07-24 16:45:18+00,1,64,180,11.84,1,1,5648,F1: T1R4-East,L1: ,Wheat (Sft Rd Wtr),948.08
-85.368104,42.410653,6.2,2013-07-24 16:45:17+00,1,64,180,11.84,1,1,5648,F1: T1R4-East,L1: ,Wheat (Sft Rd Wtr),948.08
-85.368104,42.410639,5.4,2013-07-24 16:45:16+00,1,64,180,11.84,1,1,5648,F1: T1R4-East,L1: ,Wheat (Sft Rd Wtr),948.08
-85.368104,42.410622,6.5,2013-07-24 16:45:15+00,1,64,180,11.84,1,1,5648,F1: T1R4-East,L1: ,Wheat (Sft Rd Wtr),948.08
-85.368104,42.410608,6.4,2013-07-24 16:45:14+00,1,64,180,11.84,1,1,5648,F1: T1R4-East,L1: ,Wheat (Sft Rd Wtr),948.08
-85.368104,42.410592,5.9,2013-07-24 16:45:13+00,1,64,180,11.84,1,1,5648,F1: T1R4-East,L1: ,Wheat (Sft Rd Wtr),947.67
-85.368104,42.410578,6.4,2013-07-24 16:45:12+00,1,64,180,11.84,1,1,5648,F1: T1R4-East,L1: ,Wheat (Sft Rd Wtr),947.67
-85.368104,42.410564,6.7,2013-07-24 16:45:11+00,1,64,180,11.84,1,1,5648,F1: T1R4-East,L1: ,Wheat (Sft Rd Wtr),947.67
-85.368104,42.410547,6,2013-07-24 16:45:10+00,1,64,180,12.14,1,1,5648,F1: T1R4-East,L1: ,Wheat (Sft Rd Wtr),947.67
-85.368104,42.410533,6.7,2013-07-24 16:45:09+00,1,64,180,12.14,1,1,5648,F1: T1R4-East,L1: ,Wheat (Sft Rd Wtr),947.67
-85.368104,42.410517,6,2013-07-24 16:45:08+00,1,64,180,12.14,1,1,5648,F1: T1R4-East,L1: ,Wheat (Sft Rd Wtr),947.67
-85.368104,42.410503,6.5,2013-07-24 16:45:07+00,1,64,180,12.14,1,1,5648,F1: T1R4-East,L1: ,Wheat (Sft Rd Wtr),947.67
-85.368104,42.410486,6.5,2013-07-24 16:45:06+00,1,64,180,12.14,1,1,5648,F1: T1R4-East,L1: ,Wheat (Sft Rd Wtr),947.67
-85.368104,42.410472,5.9,2013-07-24 16:45:05+00,1,64,180,12.14,1,1,5648,F1: T1R4-East,L1: ,Wheat (Sft Rd Wtr),947.67
-85.368104,42.410458,7.3,2013-07-24 16:45:04+00,1,64,180,12.14,1,1,5648,F1: T1R4-East,L1: ,Wheat (Sft Rd Wtr),947.67
-85.368104,42.410442,6.8,2013-07-24 16:45:03+00,1,64,180,12.14,1,1,5648,F1: T1R4-East,L1: ,Wheat (Sft Rd Wtr),947.67
-85.368104,42.410428,6.3,2013-07-24 16:45:02+00,1,64,180,12.14,1,1,5648,F1: T1R4-East,L1: ,Wheat (Sft Rd Wtr),947.67
-85.368104,42.410411,6.9,2013-07-24 16:45:01+00,1,64,180,12.14,1,1,5648,F1: T1R4-East,L1: ,Wheat (Sft Rd Wtr),947.67
-85.368104,42.410397,7.9,2013-07-24 16:45:00+00,1,64,180,12.14,1,1,5648,F1: T1R4-East,L1: ,Wheat (Sft Rd Wtr),947.67
-85.368104,42.410383,6.8,2013-07-24 16:44:59+00,1,64,180,12.14,1,1,5648,F1: T1R4-East,L1: ,Wheat (Sft Rd Wtr),947.67
-85.368104,42.410367,7.8,2013-07-24 16:44:58+00,1,64,180,12.14,1,1,5648,F1: T1R4-East,L1: ,Wheat (Sft Rd Wtr),947.67
-85.368104,42.410353,7.5,2013-07-24 16:44:57+00,1,64,180,12.14,1,1,5648,F1: T1R4-East,L1: ,Wheat (Sft Rd Wtr),947.67
-85.368104,42.410336,8.4,2013-07-24 16:44:56+00,1,64,180,12.14,1,1,5648,F1: T1R4-East,L1: ,Wheat (Sft Rd Wtr),947.67
-85.368104,42.410322,7.6,2013-07-24 16:44:55+00,1,64,180,12.14,1,1,5648,F1: T1R4-East,L1: ,Wheat (Sft Rd Wtr),947.67
-85.368104,42.410306,7,2013-07-24 16:44:54+00,1,64,180,12.14,1,1,5648,F1: T1R4-East,L1: ,Wheat (Sft Rd Wtr),947.67
-85.368104,42.410292,8.9,2013-07-24 16:44:53+00,1,64,180,12.14,1,1,5648,F1: T1R4-East,L1: ,Wheat (Sft Rd Wtr),947.67
-85.368104,42.410278,7.1,2013-07-24 16:44:52+00,1,64,180,12.14,1,1,5648,F1: T1R4-East,L1: ,Wheat (Sft Rd Wtr),947.67
-85.368104,42.410261,5.5,2013-07-24 16:44:51+00,1,57,180,12.14,1,1,5648,F1: T1R4-East,L1: ,Wheat (Sft Rd Wtr),947.67
-85.368104,42.410247,5.3,2013-07-24 16:44:50+00,1,47,180,12.14,1,1,5648,F1: T1R4-East,L1: ,Wheat (Sft Rd Wtr),947.67
-85.368104,42.410236,7.7,2013-07-24 16:44:49+00,1,47,180,12.14,1,1,5648,F1: T1R4-East,L1: ,Wheat (Sft Rd Wtr),947.67
-85.368104,42.410225,7.3,2013-07-24 16:44:48+00,1,45,180,12.14,1,1,5648,F1: T1R4-East,L1: ,Wheat (Sft Rd Wtr),947.67
-85.368104,42.410214,6.5,2013-07-24 16:44:47+00,1,38,180,12.14,1,1,5648,F1: T1R4-East,L1: ,Wheat (Sft Rd Wtr),947.67
-85.368104,42.410206,5,2013-07-24 16:44:46+00,1,19,180,12.14,1,1,5648,F1: T1R4-East,L1: ,Wheat (Sft Rd Wtr),947.67
-85.368104,42.4102,5.7,2013-07-24 16:44:45+00,1,11,180,12.14,1,1,5648,F1: T1R4-East,L1: ,Wheat (Sft Rd Wtr),947.33
-85.368104,42.4102,6.4,2013-07-24 16:44:44+00,1,11,180,12.14,1,1,5648,F1: T1R4-East,L1: ,Wheat (Sft Rd Wtr),947.33
-85.368104,42.4102,6,2013-07-24 16:44:43+00,1,11,180,12.14,1,1,5648,F1: T1R4-East,L1: ,Wheat (Sft Rd Wtr),947.33
-85.368104,42.4102,5.9,2013-07-24 16:44:42+00,1,12,180,12.14,1,1,5648,F1: T1R4-East,L1: ,Wheat (Sft Rd Wtr),947.33
